Full Name,Site Number,Quadrad number ,Copy,Team Color,Picture Number,,Annotation status,Annotation area,Coral,Sand,Silt,Pav,Rock,Unk,ASPIC,CA_O,CCA,GFA,GSAL,Hal,Turbin,Turf,UnkMacroa
111_1_1_Red_Copy of P8140245.JPG,111,1,1,Red,Copy of P8140245.JPG,,Confirmed,X: 886 - 2595 pixels / Y: 881 - 2700 pixels,0,33.333,3.333,0,20,16.667,0,0,0,0,0,13.333,0,0,13.333
111_2_1_Red_Copy of P8140246.JPG,111,2,1,Red,Copy of P8140246.JPG,,Confirmed,X: 1071 - 3035 pixels / Y: 656 - 2700 pixels,0,0,0,0,70,0,0,0,10,0,0,0,0,13.333,6.667
111_3_1_Red_Copy of P8140247.JPG,111,3,1,Red,Copy of P8140247.JPG,,Confirmed,X: 896 - 2660 pixels / Y: 761 - 2520 pixels,0,36.667,0,0,26.667,0,0,0,6.667,0,0,6.667,0,6.667,16.667
111_4_1_Red_Copy of P8140248.JPG,111,4,1,Red,Copy of P8140248.JPG,,Confirmed,X: 1131 - 2880 pixels / Y: 681 - 2415 pixels,0,43.333,0,0,23.333,0,0,0,3.333,16.667,0,0,0,6.667,6.667
111_5_1_Red_Copy of P8140249.JPG,111,5,1,Red,Copy of P8140249.JPG,,Confirmed,X: 1286 - 2910 pixels / Y: 881 - 2580 pixels,0,73.333,0,0,3.333,0,0,0,0,13.333,0,3.333,0,3.333,3.333
126_1_1_Green_Copy of P8140180.JPG,126,1,1,Green,Copy of P8140180.JPG,,Confirmed,X: 876 - 3435 pixels / Y: 416 - 2845 pixels,0,0,80,0,0,0,0,0,3.333,0,0,16.667,0,0,0
126_2_1_Green_Copy of P8140181.JPG,126,2,1,Green,Copy of P8140181.JPG,,Confirmed,X: 936 - 3360 pixels / Y: 196 - 2465 pixels,0,0,70,0,0,0,0,0,0,0,0,3.333,0,26.667,0
126_3_1_Green_Copy of P8140182.JPG,126,3,1,Green,Copy of P8140182.JPG,,Confirmed,X: 906 - 3050 pixels / Y: 621 - 2795 pixels,0,36.667,16.667,0,3.333,0,0,0,0,0,0,13.333,0,30,0
126_4_1_Green_Copy of P8140184.JPG,126,4,1,Green,Copy of P8140184.JPG,,Confirmed,X: 756 - 3050 pixels / Y: 300 - 2530 pixels,0,16.667,20,0,0,0,0,0,10,0,0,26.667,0,26.667,0
126_5_1_Green_Copy of P8140185.JPG,126,5,1,Green,Copy of P8140185.JPG,,Confirmed,X: 921 - 3140 pixels / Y: 451 - 2750 pixels,0,53.333,10,0,0,0,0,0,3.333,0,0,0,0,33.333,0
130_1_1_Yellow_Copy of P8150918.JPG,130,1,1,Yellow,Copy of P8150918.JPG,,Confirmed,X: 706 - 3240 pixels / Y: 300 - 2940 pixels,0,0,0,0,0,0,0,0,0,0,0,0,0,0,100
130_1_2_Yellow_Copy of P8150919.JPG,130,1,2,Yellow,Copy of P8150919.JPG,,Confirmed,X: 10 - 90% / Y: 10 - 90%,0,0,3.333,0,0,0,0,0,0,0,0,0,0,0,96.667
130_1_3_Yellow_Copy of P8150921.JPG,130,1,3,Yellow,Copy of P8150921.JPG,,Confirmed,X: 10 - 90% / Y: 10 - 90%,0,0,0,0,0,0,0,0,0,0,0,0,0,0,100
130_1_4_Yellow_Copy of P8150922.JPG,130,1,4,Yellow,Copy of P8150922.JPG,,Confirmed,X: 10 - 90% / Y: 10 - 90%,0,0,0,0,0,0,0,0,0,0,0,0,0,0,100
130_2_1_Yellow_Copy of P8150925.JPG,130,2,1,Yellow,Copy of P8150925.JPG,,Confirmed,X: 946 - 4000 pixels / Y: 300 - 2980 pixels,3.333,0,6.667,0,0,0,0,0,0,0,0,6.667,0,0,83.333
130_2_2_Yellow_Copy of P8150928.JPG,130,2,2,Yellow,Copy of P8150928.JPG,,Confirmed,X: 10 - 90% / Y: 10 - 90%,0,0,10,0,3.333,3.333,6.667,0,3.333,0,0,16.667,0,0,56.667
130_2_3_Yellow_Copy of P8150930.JPG,130,2,3,Yellow,Copy of P8150930.JPG,,Confirmed,X: 41 - 3970 pixels / Y: 1 - 2480 pixels,6.667,0,0,0,30,20,0,0,3.333,0,0,0,0,0,40
130_3_1_Yellow_Copy of P8150933.JPG,130,3,1,Yellow,Copy of P8150933.JPG,,Confirmed,X: 10 - 90% / Y: 10 - 90%,0,0,13.333,0,0,0,20,0,3.333,0,0,3.333,0,0,60
130_3_2_Yellow_Copy of P8150935.JPG,130,3,2,Yellow,Copy of P8150935.JPG,,Confirmed,X: 10 - 90% / Y: 10 - 90%,3.333,0,3.333,0,0,0,6.667,0,0,0,0,3.333,0,0,83.333
130_3_3_Yellow_Copy of P8150936.JPG,130,3,3,Yellow,Copy of P8150936.JPG,,Confirmed,X: 10 - 90% / Y: 10 - 90%,3.333,0,0,0,0,3.333,0,0,6.667,0,3.333,6.667,0,0,76.667
130_3_4_Yellow_Copy of P8150937.JPG,130,3,4,Yellow,Copy of P8150937.JPG,,Confirmed,X: 10 - 90% / Y: 10 - 90%,0,0,3.333,0,3.333,0,0,0,3.333,0,3.333,23.333,0,3.333,60
130_4_1_Yellow_Copy of P8150938.JPG,130,4,1,Yellow,Copy of P8150938.JPG,,Confirmed,X: 10 - 90% / Y: 10 - 90%,0,0,0,0,3.333,3.333,6.667,0,0,0,0,10,0,0,76.667
130_4_2_Yellow_Copy of P8150940.JPG,130,4,2,Yellow,Copy of P8150940.JPG,,Confirmed,X: 10 - 90% / Y: 10 - 90%,0,0,13.333,0,0,0,0,0,0,6.667,0,0,0,0,80
130_4_3_Copy of P8150941.JPG,130,4,3,Yellow,Copy of P8150941.JPG,,Confirmed,X: 1 - 3960 pixels / Y: 1006 - 2995 pixels,0,0,3.333,0,10,26.667,0,0,0,3.333,0,0,0,0,56.667
130_5_1_Yellow_Copy of P8150948.JPG,130,5,1,Yellow,Copy of P8150948.JPG,,Confirmed,X: 601 - 3965 pixels / Y: 486 - 2925 pixels,0,0,0,0,0,0,10,0,0,0,0,6.667,0,0,83.333
130_5_2_Yellow_Copy of P8150951.JPG,130,5,2,Yellow,Copy of P8150951.JPG,,Confirmed,X: 1 - 3655 pixels / Y: 636 - 3000 pixels,0,0,0,0,0,6.667,0,0,3.333,20,0,3.333,0,0,66.667
130_5_3_Yellow_Copy of P8150952.JPG,130,5,3,Yellow,Copy of P8150952.JPG,,Confirmed,X: 10 - 90% / Y: 10 - 90%,0,0,0,0,0,0,0,0,0,0,0,6.667,0,0,93.333
130_5_4_Yellow_Copy of P8150954.JPG,130,5,4,Yellow,Copy of P8150954.JPG,,Confirmed,X: 10 - 90% / Y: 10 - 90%,0,0,0,0,0,0,0,0,0,0,0,0,0,0,100
166_1_1_Green_Copy of P8150346.JPG,166,1,1,Green,Copy of P8150346.JPG,,Confirmed,X: 10 - 90% / Y: 10 - 90%,0,50,0,0,30,0,0,0,0,0,0,13.333,0,6.667,0
166_2_1_Green_Copy of P8150347.JPG,166,2,1,Green,Copy of P8150347.JPG,,Confirmed,X: 911 - 3395 pixels / Y: 300 - 2880 pixels,0,26.667,13.333,6.667,40,0,6.667,0,0,0,0,6.667,0,0,0
166_4_1_Green_Copy of P8150348.JPG,166,4,1,Green,Copy of P8150348.JPG,,Confirmed,X: 951 - 3465 pixels / Y: 241 - 2765 pixels,0,46.667,6.667,0,46.667,0,0,0,0,0,0,0,0,0,0
166_5_1_Green_Copy of P8150349.JPG,166,5,1,Green,Copy of P8150349.JPG,,Confirmed,X: 731 - 3245 pixels / Y: 206 - 2745 pixels,0,53.333,0,0,40,0,3.333,0,0,0,0,0,0,0,3.333
168_1_1_Red_Copy of P8140211.JPG,168,1,1,Red,Copy of P8140211.JPG,,Confirmed,X: 10 - 90% / Y: 10 - 90%,0,0,0,0,10,6.667,0,0,16.667,0,0,0,0,16.667,50
168_2_1_Red_Copy of P8140214.JPG,168,2,1,Red,Copy of P8140214.JPG,,Confirmed,X: 526 - 3150 pixels / Y: 46 - 2700 pixels,0,16.667,23.333,0,20,0,0,0,13.333,0,0,0,0,23.333,3.333
168_3_1_Red_Copy of P8140215.JPG,168,3,1,Red,Copy of P8140215.JPG,,Confirmed,X: 10 - 90% / Y: 10 - 90%,3.333,26.667,10,0,20,0,0,0,13.333,0,0,0,0,6.667,20
168_4_1_Red_Copy of P8140222.JPG,168,4,1,Red,Copy of P8140222.JPG,,Confirmed,X: 816 - 3600 pixels / Y: 126 - 2765 pixels,0,36.667,0,0,6.667,0,0,0,16.667,10,0,3.333,0,3.333,23.333
168_5_1_Red_Copy of P8140224.JPG,168,5,1,Red,Copy of P8140224.JPG,,Confirmed,X: 10 - 90% / Y: 10 - 90%,3.333,10,3.333,0,6.667,20,0,0,13.333,0,0,3.333,0,23.333,16.667
168_5_2_Red_Copy of P8140225.JPG,168,5,2,Red,Copy of P8140225.JPG,,Confirmed,X: 1 - 2565 pixels / Y: 300 - 2935 pixels,6.667,10,3.333,0,6.667,13.333,0,0,6.667,0,0,6.667,0,23.333,23.333
168_5_3_Red_Copy of P8140226.JPG,168,5,3,Red,Copy of P8140226.JPG,,Confirmed,X: 10 - 90% / Y: 10 - 90%,13.333,13.333,0,0,0,13.333,0,0,3.333,0,0,6.667,0,10,40
168_5_4_Red_Copy of P8140227.JPG,168,5,4,Red,Copy of P8140227.JPG,,Confirmed,X: 21 - 3975 pixels / Y: 1336 - 2950 pixels,0,6.667,0,0,13.333,6.667,0,0,23.333,3.333,0,0,0,0,46.667
168_5_5_Red_Copy of P8140228.JPG,168,5,5,Red,Copy of P8140228.JPG,,Confirmed,X: 10 - 90% / Y: 10 - 90%,0,3.333,3.333,0,20,13.333,0,0,10,0,0,0,0,16.667,33.333
170_1_1_Green_Copy of P8140194.JPG,170,1,1,Green,Copy of P8140194.JPG,,Confirmed,X: 966 - 3390 pixels / Y: 316 - 2700 pixels,0,0,80,0,20,0,0,0,0,0,0,0,0,0,0
170_2_1_Green_Copy of P8140195.JPG,170,2,1,Green,Copy of P8140195.JPG,,Confirmed,X: 701 - 3255 pixels / Y: 300 - 2860 pixels,0,0,86.667,0,13.333,0,0,0,0,0,0,0,0,0,0
170_3_1_Green_Copy of P8140197.JPG,170,3,1,Green,Copy of P8140197.JPG,,Confirmed,X: 866 - 3300 pixels / Y: 221 - 2700 pixels,0,3.333,26.667,0,70,0,0,0,0,0,0,0,0,0,0
170_4_1_Green_Copy of P8140198.JPG,170,4,1,Green,Copy of P8140198.JPG,,Confirmed,X: 611 - 3050 pixels / Y: 300 - 2700 pixels,0,36.667,3.333,0,60,0,0,0,0,0,0,0,0,0,0
170_5_1_Green_Copy of P8140199.JPG,170,5,1,Green,Copy of P8140199.JPG,,Confirmed,X: 766 - 3215 pixels / Y: 300 - 2805 pixels,0,53.333,13.333,0,26.667,0,0,0,6.667,0,0,0,0,0,0
180_2_1_Green_Copy of P8150321.JPG,180,2,1,Green,Copy of P8150321.JPG,,Confirmed,X: 10 - 90% / Y: 10 - 90%,0,0,73.333,0,0,0,0,0,0,26.667,0,0,0,0,0
180_2_2_Green_Copy of P8150323.JPG,180,2,2,Green,Copy of P8150323.JPG,,Confirmed,X: 10 - 90% / Y: 10 - 90%,0,0,43.333,0,0,0,0,0,0,56.667,0,0,0,0,0
180_2_3_Green_Copy of P8150325.JPG,180,2,3,Green,Copy of P8150325.JPG,,Confirmed,X: 71 - 3360 pixels / Y: 41 - 2300 pixels,0,0,100,0,0,0,0,0,0,0,0,0,0,0,0
180_2_4_Green_Copy of P8150326.JPG,180,2,4,Green,Copy of P8150326.JPG,,Confirmed,X: 851 - 4000 pixels / Y: 1 - 2295 pixels,0,0,100,0,0,0,0,0,0,0,0,0,0,0,0
180_3_1_Green_Copy of P8150328.JPG,180,3,1,Green,Copy of P8150328.JPG,,Confirmed,X: 1 - 1820 pixels / Y: 1721 - 2990 pixels,0,0,0,0,0,0,0,0,0,100,0,0,0,0,0
180_3_2_Green_Copy of P8150329.JPG,180,3,2,Green,Copy of P8150329.JPG,,Confirmed,X: 1 - 1775 pixels / Y: 26 - 2700 pixels,0,0,23.333,0,0,0,0,0,0,76.667,0,0,0,0,0
180_3_3_Green_Copy of P8150330.JPG,180,3,3,Green,Copy of P8150330.JPG,,Confirmed,X: 10 - 90% / Y: 10 - 90%,0,0,43.333,0,0,0,0,0,0,56.667,0,0,0,0,0
180_4_1_Green_Copy of P8150331.JPG,180,4,1,Green,Copy of P8150331.JPG,,Confirmed,X: 1 - 4000 pixels / Y: 1311 - 3000 pixels,0,0,66.667,0,0,0,0,0,0,33.333,0,0,0,0,0
180_4_2_Green_Copy of P8150333.JPG,180,4,2,Green,Copy of P8150333.JPG,,Confirmed,X: 1 - 3105 pixels / Y: 1 - 2265 pixels,0,0,53.333,0,0,0,0,0,0,46.667,0,0,0,0,0
201_1_1_Yellow_Copy of P8140243.JPG,201,1,1,Yellow,Copy of P8140243.JPG,,Confirmed,X: 10 - 90% / Y: 10 - 90%,0,66.667,0,0,20,0,0,0,13.333,0,0,0,0,0,0
201_2_1_Yellow_Copy of P8140234.JPG,201,2,1,Yellow,Copy of P8140234.JPG,,Confirmed,X: 10 - 90% / Y: 10 - 90%,0,80,0,0,20,0,0,0,0,0,0,0,0,0,0
201_3_1_Yellow_Copy of P8140238.JPG,201,3,1,Yellow,Copy of P8140238.JPG,,Confirmed,X: 10 - 90% / Y: 10 - 90%,0,63.333,0,0,33.333,0,0,0,3.333,0,0,0,0,0,0
201_4_1_Yellow_Copy of P8140240.JPG,201,4,1,Yellow,Copy of P8140240.JPG,,Confirmed,X: 10 - 90% / Y: 10 - 90%,0,76.667,0,0,16.667,0,0,0,0,0,0,0,0,0,6.667
201_5_1_Yellow_Copy of P8140241.JPG,201,5,1,Yellow,Copy of P8140241.JPG,,Confirmed,X: 301 - 3035 pixels / Y: 171 - 2905 pixels,0,80,0,0,13.333,0,0,0,6.667,0,0,0,0,0,0
202_1_1_Red_Copy of P8150339.JPG,202,1,1,Red,Copy of P8150339.JPG,,Confirmed,X: 746 - 3350 pixels / Y: 181 - 2850 pixels,0,60,3.333,0,36.667,0,0,0,0,0,0,0,0,0,0
202_2_1_Red_Copy of P8150341.JPG,202,2,1,Red,Copy of P8150341.JPG,,Confirmed,X: 400 - 3055 pixels / Y: 186 - 2865 pixels,0,90,0,0,10,0,0,0,0,0,0,0,0,0,0
202_3_1_Red_Copy of P8150343.JPG,202,3,1,Red,Copy of P8150343.JPG,,Confirmed,X: 10 - 90% / Y: 10 - 90%,0,16.667,0,0,10,0,73.333,0,0,0,0,0,0,0,0
202_3_2_Red_Copy of P8150344.JPG,202,3,2,Red,Copy of P8150344.JPG,,Confirmed,X: 1 - 3195 pixels / Y: 300 - 3000 pixels,0,33.333,0,0,13.333,0,53.333,0,0,0,0,0,0,0,0
202_3_3_Red_Copy of P8150345.JPG,202,3,3,Red,Copy of P8150345.JPG,,Confirmed,X: 16 - 3310 pixels / Y: 1 - 2455 pixels,0,23.333,0,0,26.667,0,50,0,0,0,0,0,0,0,0
202_3_4_Red_Copy of P8150346.JPG,202,3,4,Red,Copy of P8150346.JPG,,Confirmed,X: 961 - 4000 pixels / Y: 31 - 2875 pixels,0,43.333,0,0,20,0,36.667,0,0,0,0,0,0,0,0
202_4_1_Red_Copy of P8150348.JPG,202,4,1,Red,Copy of P8150348.JPG,,Confirmed,X: 656 - 3995 pixels / Y: 521 - 2995 pixels,0,13.333,0,0,0,0,26.667,0,10,10,40,0,0,0,0
202_4_2_Red_Copy of P8150349.JPG,202,4,2,Red,Copy of P8150349.JPG,,Confirmed,X: 31 - 2945 pixels / Y: 696 - 2980 pixels,0,13.333,0,0,0,0,53.333,0,0,6.667,26.667,0,0,0,0
202_4_3_Red_Copy of P8150350.JPG,202,4,3,Red,Copy of P8150350.JPG,,Confirmed,X: 16 - 2790 pixels / Y: 26 - 2700 pixels,0,36.667,0,0,6.667,0,26.667,0,0,0,30,0,0,0,0
202_4_4_Red_Copy of P8150351.JPG,202,4,4,Red,Copy of P8150351.JPG,,Confirmed,X: 10 - 90% / Y: 10 - 90%,0,23.333,0,0,20,0,26.667,0,3.333,0,26.667,0,0,0,0
202_5_1_Red_Copy of P8150354.JPG,202,5,1,Red,Copy of P8150354.JPG,,Confirmed,X: 10 - 90% / Y: 10 - 90%,0,46.667,0,0,0,0,20,0,0,0,23.333,0,0,0,10
202_5_2_Red_Copy of P8150355.JPG,202,5,2,Red,Copy of P8150355.JPG,,Confirmed,X: 1 - 3290 pixels / Y: 821 - 3000 pixels,0,50,0,0,6.667,0,23.333,0,3.333,0,16.667,0,0,0,0
202_5_3_Red_Copy of P8150356.JPG,202,5,3,Red,Copy of P8150356.JPG,,Confirmed,X: 1 - 3000 pixels / Y: 21 - 2485 pixels,0,53.333,0,0,16.667,0,30,0,0,0,0,0,0,0,0
202_5_4_Red_Copy of P8150357.JPG,202,5,4,Red,Copy of P8150357.JPG,,Confirmed,X: 616 - 3990 pixels / Y: 31 - 2555 pixels,0,56.667,0,0,6.667,0,36.667,0,0,0,0,0,0,0,0
203_1_1_Green_Copy of P8140169.JPG,203,1,1,Green,Copy of P8140169.JPG,,Confirmed,X: 586 - 3290 pixels / Y: 161 - 2735 pixels,0,76.667,6.667,0,3.333,0,0,0,0,6.667,0,0,0,6.667,0
203_2_1_Green_Copy of P8140170.JPG,203,2,1,Green,Copy of P8140170.JPG,,Confirmed,X: 586 - 3700 pixels / Y: 186 - 2965 pixels,0,70,0,0,10,0,0,0,0,16.667,0,0,0,0,3.333
203_3_1_Green_Copy of P8140172.JPG,203,3,1,Green,Copy of P8140172.JPG,,Confirmed,X: 10 - 90% / Y: 10 - 90%,0,100,0,0,0,0,0,0,0,0,0,0,0,0,0
203_4_1_Green_Copy of P8140174.JPG,203,4,1,Green,Copy of P8140174.JPG,,Confirmed,X: 10 - 90% / Y: 10 - 90%,0,0,83.333,0,3.333,0,0,0,0,13.333,0,0,0,0,0
203_5_1_Green_Copy of P81401745.JPG,203,5,1,Green,Copy of P81401745.JPG,,Confirmed,X: 10 - 90% / Y: 10 - 90%,0,93.333,0,0,0,0,6.667,0,0,0,0,0,0,0,0
204_1_1_Red_Copy of P8140254.JPG,204,1,1,Red,Copy of P8140254.JPG,,Confirmed,X: 10 - 90% / Y: 10 - 90%,0,56.667,0,0,3.333,0,40,0,0,0,0,0,0,0,0
204_1_2_Red_Copy of P8140255.JPG,204,1,2,Red,Copy of P8140255.JPG,,Confirmed,X: 1 - 2890 pixels / Y: 836 - 2985 pixels,0,43.333,0,0,30,0,26.667,0,0,0,0,0,0,0,0
204_1_3_Red_Copy of P8140256.JPG,204,1,3,Red,Copy of P8140256.JPG,,Confirmed,X: 1 - 2975 pixels / Y: 1 - 2700 pixels,0,73.333,0,0,10,0,6.667,0,0,10,0,0,0,0,0
204_1_4_Red_Copy of P8140257.JPG,204,1,4,Red,Copy of P8140257.JPG,,Confirmed,X: 10 - 90% / Y: 10 - 90%,0,70,0,0,0,0,0,0,0,30,0,0,0,0,0
204_2_1_Red_Copy of P8140259.JPG,204,2,1,Red,Copy of P8140259.JPG,,Confirmed,X: 916 - 3995 pixels / Y: 300 - 3000 pixels,0,83.333,3.333,0,0,0,13.333,0,0,0,0,0,0,0,0
204_2_2_Red_Copy of P8140260.JPG,204,2,2,Red,Copy of P8140260.JPG,,Confirmed,X: 1 - 2925 pixels / Y: 466 - 3000 pixels,0,70,0,0,10,0,10,0,0,10,0,0,0,0,0
204_2_3_Red_Copy of P8140261.JPG,204,2,3,Red,Copy of P8140261.JPG,,Confirmed,X: 1 - 3000 pixels / Y: 1 - 2265 pixels,0,90,0,0,0,0,10,0,0,0,0,0,0,0,0
204_2_4_Red_Copy of P8140262.JPG,204,2,4,Red,Copy of P8140262.JPG,,Confirmed,X: 1096 - 4000 pixels / Y: 1 - 2330 pixels,0,83.333,0,0,0,0,16.667,0,0,0,0,0,0,0,0
204_3_1_Red_Copy of P8140264.JPG,204,3,1,Red,Copy of P8140264.JPG,,Confirmed,X: 10 - 90% / Y: 10 - 90%,0,73.333,0,0,0,0,26.667,0,0,0,0,0,0,0,0
204_3_2_Red_Copy of P8140265.JPG,204,3,2,Red,Copy of P8140265.JPG,,Confirmed,X: 1 - 2985 pixels / Y: 421 - 3000 pixels,0,43.333,0,0,0,0,56.667,0,0,0,0,0,0,0,0
204_3_3_Red_Copy of P8140266.JPG,204,3,3,Red,Copy of P8140266.JPG,,Confirmed,X: 10 - 90% / Y: 10 - 90%,0,50,0,0,3.333,0,43.333,0,0,0,0,0,0,3.333,0
204_3_4_Red_Copy of P8140267.JPG,204,3,4,Red,Copy of P8140267.JPG,,Confirmed,X: 761 - 4000 pixels / Y: 1 - 2700 pixels,0,66.667,0,0,0,0,33.333,0,0,0,0,0,0,0,0
204_4_1_Red_Copy of P8140269.JPG,204,4,1,Red,Copy of P8140269.JPG,,Confirmed,X: 10 - 90% / Y: 10 - 90%,0,30,3.333,0,0,0,0,0,0,60,0,0,0,3.333,3.333
204_4_2_Red_Copy of P8140270.JPG,204,4,2,Red,Copy of P8140270.JPG,,Confirmed,X: 21 - 3005 pixels / Y: 471 - 2925 pixels,0,23.333,0,0,0,0,0,0,0,76.667,0,0,0,0,0
204_4_3_Red_Copy of P8140271.JPG,204,4,3,Red,Copy of P8140271.JPG,,Confirmed,X: 6 - 2640 pixels / Y: 31 - 3000 pixels,0,36.667,0,0,0,0,0,0,0,63.333,0,0,0,0,0
204_4_4_Red_Copy of P8140272.JPG,204,4,4,Red,Copy of P8140272.JPG,,Confirmed,X: 10 - 90% / Y: 10 - 90%,0,26.667,3.333,0,0,0,6.667,0,0,60,0,0,0,3.333,0
204_5_2_Red_Copy of P8140274.JPG,204,5,2,Red,Copy of P8140274.JPG,,Confirmed,X: 881 - 3985 pixels / Y: 546 - 2990 pixels,0,70,0,0,3.333,0,13.333,0,0,13.333,0,0,0,0,0
204_5_3_Red.JPG,204,5,3,Red,Copy of P8140275.JPG,,Confirmed,X: 31 - 2435 pixels / Y: 26 - 2700 pixels,0,83.333,0,0,0,0,0,0,0,16.667,0,0,0,0,0
204_5_4_Red_Copy of P8140277.JPG,204,5,4,Red,Copy of P8140277.JPG,,Confirmed,X: 1176 - 3975 pixels / Y: 1 - 2635 pixels,0,70,0,0,0,0,0,0,0,30,0,0,0,0,0
205_1_1_Yellow_Copy of P8130073.JPG,205,1,1,Yellow,Copy of P8130073.JPG,,Confirmed,X: 556 - 3030 pixels / Y: 300 - 2700 pixels,0,100,0,0,0,0,0,0,0,0,0,0,0,0,0
205_2_1_Yellow_Copy of P8130074.JPG,205,2,1,Yellow,Copy of P8130074.JPG,,Confirmed,X: 10 - 90% / Y: 10 - 90%,0,100,0,0,0,0,0,0,0,0,0,0,0,0,0
205_3_1_Yellow_Copy of P8130076.JPG,205,3,1,Yellow,Copy of P8130076.JPG,,Confirmed,X: 10 - 90% / Y: 10 - 90%,0,100,0,0,0,0,0,0,0,0,0,0,0,0,0
205_4_1_Yellow_Copy of P8130077.JPG,205,4,1,Yellow,Copy of P8130077.JPG,,Confirmed,X: 10 - 90% / Y: 10 - 90%,0,100,0,0,0,0,0,0,0,0,0,0,0,0,0
205_5_1_Red_Copy of P8140273.JPG,205,5,1,Yellow,Copy of P8140273.JPG,,Confirmed,X: 11 - 3600 pixels / Y: 1016 - 2975 pixels,0,73.333,0,0,0,0,26.667,0,0,0,0,0,0,0,0
205_5_1_Yellow_Copy of P8130079.JPG,205,5,1,Yellow,Copy of P8130079.JPG,,Confirmed,X: 10 - 90% / Y: 10 - 90%,0,100,0,0,0,0,0,0,0,0,0,0,0,0,0
206_1_1_Yellow_Copy of P8150667.JPG,206,1,1,Yellow,Copy of P8150667.JPG,,Confirmed,X: 400 - 3200 pixels / Y: 81 - 2945 pixels,0,16.667,0,0,20,0,0,0,0,0,0,3.333,0,0,60
206_2_1_Yellow_Copy of P8150628.JPG,206,2,1,Yellow,Copy of P8150628.JPG,,Confirmed,X: 631 - 3340 pixels / Y: 161 - 2795 pixels,0,40,0,0,40,0,0,0,0,0,0,3.333,0,0,16.667
206_3_1_Yellow_Copy of P8150635.JPG,206,3,1,Yellow,Copy of P8150635.JPG,,Confirmed,X: 586 - 3425 pixels / Y: 126 - 2850 pixels,3.333,13.333,26.667,0,0,0,0,0,0,0,0,13.333,0,0,43.333
206_4_1_Yellow_Copy of P8150639.JPG,206,4,1,Yellow,Copy of P8150639.JPG,,Confirmed,X: 726 - 3215 pixels / Y: 300 - 2780 pixels,0,13.333,6.667,0,6.667,6.667,3.333,0,0,0,0,6.667,0,0,56.667
206_5_1_Yellow_Copy of P8150660.JPG,206,5,1,Yellow,Copy of P8150660.JPG,,Confirmed,X: 696 - 3370 pixels / Y: 300 - 2945 pixels,0,3.333,0,0,13.333,3.333,0,0,0,0,0,20,0,0,60
207_1_1_Green_Copy of P8140157.JPG,207,1,1,Green,Copy of P8140157.JPG,,Confirmed,X: 10 - 90% / Y: 10 - 90%,0,70,0,0,3.333,0,16.667,0,0,6.667,0,0,0,3.333,0
207_2_1_Green_Copy of P8140159.JPG,207,2,1,Green,Copy of P8140159.JPG,,Confirmed,X: 10 - 90% / Y: 10 - 90%,0,80,0,0,0,0,0,3.333,0,6.667,0,3.333,0,0,6.667
207_3_1_Green_Copy of P8140162.JPG,207,3,1,Green,Copy of P8140162.JPG,,Confirmed,X: 726 - 3380 pixels / Y: 436 - 2975 pixels,0,73.333,0,0,6.667,0,0,0,0,0,0,0,0,0,20
207_4_1_Green_Copy of P8140164.JPG,207,4,1,Green,Copy of P8140164.JPG,,Confirmed,X: 756 - 3845 pixels / Y: 391 - 2960 pixels,0,90,0,0,0,0,0,0,0,10,0,0,0,0,0
207_5_1_Green_Copy of P8140166.JPG,207,5,1,Green,Copy of P8140166.JPG,,Confirmed,X: 771 - 3600 pixels / Y: 201 - 2950 pixels,0,96.667,0,0,3.333,0,0,0,0,0,0,0,0,0,0
208_1_1_Red_Copy of P8140191.JPG,208,1,1,Red,Copy of P8140191.JPG,,Confirmed,X: 10 - 90% / Y: 10 - 90%,0,63.333,0,0,6.667,0,26.667,0,0,0,0,3.333,0,0,0
208_2_1_Red_Copy of P8140192.JPG,208,2,1,Red,Copy of P8140192.JPG,,Confirmed,X: 886 - 3210 pixels / Y: 456 - 2700 pixels,0,80,0,0,10,0,10,0,0,0,0,0,0,0,0
208_3_1_Red_Copy of P8140193.JPG,208,3,1,Red,Copy of P8140193.JPG,,Confirmed,X: 981 - 3600 pixels / Y: 300 - 2700 pixels,0,50,0,0,6.667,0,0,0,0,43.333,0,0,0,0,0
208_4_1_Red_Copy of P8140194.JPG,208,4,1,Red,Copy of P8140194.JPG,,Confirmed,X: 706 - 3145 pixels / Y: 226 - 2700 pixels,0,33.333,0,0,6.667,0,0,0,0,40,0,13.333,0,0,6.667
208_5_1_Red_Copy of P8140196.JPG,208,5,1,Red,Copy of P8140196.JPG,,Confirmed,X: 541 - 3165 pixels / Y: 201 - 2835 pixels,0,20,0,0,50,0,0,0,0,26.667,0,0,0,0,3.333
209_1_1_Yellow_Copy of P8130166.JPG,209,1,1,Yellow,Copy of P8130166.JPG,,Confirmed,X: 941 - 3425 pixels / Y: 476 - 2950 pixels,0,6.667,0,0,0,0,0,0,0,90,0,0,0,0,3.333
209_2_1_Yellow_Copy of P8130158.JPG,209,2,1,Yellow,Copy of P8130158.JPG,,Confirmed,X: 546 - 3240 pixels / Y: 300 - 2950 pixels,0,13.333,6.667,0,10,0,0,0,0,56.667,0,6.667,0,0,6.667
209_3_1_Yellow_Copy of P8130160.JPG,209,3,1,Yellow,Copy of P8130160.JPG,,Confirmed,X: 731 - 3405 pixels / Y: 506 - 2970 pixels,0,6.667,3.333,0,0,0,0,0,0,0,0,0,0,0,90
209_4_1_Yellow_Copy of P8130163.JPG,209,4,1,Yellow,Copy of P8130163.JPG,,Confirmed,X: 756 - 3205 pixels / Y: 341 - 2905 pixels,0,10,0,0,13.333,0,6.667,0,0,56.667,0,13.333,0,0,0
209_5_1_yellow_Copy of P8130164.JPG,209,5,1,yellow,Copy of P8130164.JPG,,Confirmed,X: 866 - 3190 pixels / Y: 300 - 2700 pixels,0,0,0,0,0,0,6.667,0,3.333,0,0,13.333,0,0,76.667
210_1_1_Yellow_Copy of P8140192.JPG,210,1,1,Yellow,Copy of P8140192.JPG,,Confirmed,X: 10 - 90% / Y: 10 - 90%,0,56.667,0,0,40,0,0,0,0,0,0,0,0,0,3.333
210_2_1_Yellow_Copy of P8140184.JPG,210,2,1,Yellow,Copy of P8140184.JPG,,Confirmed,X: 10 - 90% / Y: 10 - 90%,0,53.333,0,0,30,0,0,0,0,0,0,0,0,0,16.667
210_3_1_Yellow_Copy of P8140185.JPG,210,3,1,Yellow,Copy of P8140185.JPG,,Confirmed,X: 10 - 90% / Y: 10 - 90%,0,63.333,0,0,16.667,0,0,0,0,0,0,3.333,0,0,16.667
210_4_1_Yellow_Copy of P8140187.JPG,210,4,1,Yellow,Copy of P8140187.JPG,,Confirmed,X: 400 - 3150 pixels / Y: 101 - 2820 pixels,0,93.333,0,0,6.667,0,0,0,0,0,0,0,0,0,0
210_5_1_Yellow_Copy of P8140190.JPG,210,5,1,Yellow,Copy of P8140190.JPG,,Confirmed,X: 10 - 90% / Y: 10 - 90%,0,46.667,0,0,16.667,0,0,0,0,0,0,23.333,0,0,13.333
211_1_1_Green_Copy of P8130042.JPG,211,1,1,Green,Copy of P8130042.JPG,,Confirmed,X: 776 - 3320 pixels / Y: 211 - 2700 pixels,0,80,0,0,3.333,0,0,0,0,0,0,10,0,0,6.667
211_2_1_Green_Copy of P8130043.JPG,211,2,1,Green,Copy of P8130043.JPG,,Confirmed,X: 1006 - 3600 pixels / Y: 146 - 2700 pixels,0,76.667,0,0,16.667,0,0,0,0,0,0,3.333,0,0,3.333
211_3_1_Green_Copy of P8130044.JPG,211,3,1,Green,Copy of P8130044.JPG,,Confirmed,X: 561 - 3225 pixels / Y: 1 - 2370 pixels,0,80,0,0,10,0,0,0,0,0,0,0,0,0,10
211_4_1_Green_Copy of P8130045.JPG,211,4,1,Green,Copy of P8130045.JPG,,Confirmed,X: 1001 - 3435 pixels / Y: 336 - 2785 pixels,0,86.667,0,0,0,0,0,0,0,0,0,0,0,0,13.333
211_5_1_Green_Copy of P8130046.JPG,211,5,1,Green,Copy of P8130046.JPG,,Confirmed,X: 681 - 3130 pixels / Y: 366 - 2870 pixels,0,70,0,0,20,0,0,0,3.333,0,0,0,0,0,6.667
212_1_1_Green_Copy of P8150279.JPG,212,1,1,Green,Copy of P8150279.JPG,,Confirmed,X: 1 - 3050 pixels / Y: 571 - 2990 pixels,0,90,0,0,0,0,10,0,0,0,0,0,0,0,0
212_1_2_Green_Copy of P8150280.JPG,212,1,2,Green,Copy of P8150280.JPG,,Confirmed,X: 971 - 4000 pixels / Y: 816 - 2985 pixels,0,86.667,0,0,0,0,13.333,0,0,0,0,0,0,0,0
212_1_3_Green_Copy of P8150281.JPG,212,1,3,Green,Copy of P8150281.JPG,,Confirmed,X: 2901 - 3985 pixels / Y: 41 - 2010 pixels,0,70,0,0,0,0,30,0,0,0,0,0,0,0,0
212_1_4_Green_Copy of P8150282.JPG,212,1,4,Green,Copy of P8150282.JPG,,Confirmed,X: 1 - 2720 pixels / Y: 1346 - 2430 pixels,0,86.667,0,0,0,0,13.333,0,0,0,0,0,0,0,0
212_2_1_Green_Copy of P8150284.JPG,212,2,1,Green,Copy of P8150284.JPG,,Confirmed,X: 1316 - 3960 pixels / Y: 1081 - 2980 pixels,0,83.333,3.333,0,0,0,13.333,0,0,0,0,0,0,0,0
212_2_2_Green_Copy of P8150285.JPG,212,2,2,Green,Copy of P8150285.JPG,,Confirmed,X: 1 - 3325 pixels / Y: 1061 - 2940 pixels,0,93.333,0,0,3.333,0,3.333,0,0,0,0,0,0,0,0
212_2_3_Green_Copy of P8150286.JPG,212,2,3,Green,Copy of P8150286.JPG,,Confirmed,X: 1 - 3115 pixels / Y: 1 - 2775 pixels,0,70,0,0,0,0,20,0,0,0,0,0,0,0,10
212_2_4_Green_Copy of P8150287.JPG,212,2,4,Green,Copy of P8150287.JPG,,Confirmed,X: 1316 - 4000 pixels / Y: 1 - 2700 pixels,0,83.333,0,0,0,0,13.333,0,0,0,0,0,0,0,3.333
212_3_1_Green_Copy of P8150289.JPG,212,3,1,Green,Copy of P8150289.JPG,,Confirmed,X: 1141 - 4000 pixels / Y: 621 - 3000 pixels,0,80,0,0,0,0,20,0,0,0,0,0,0,0,0
212_3_2_Green_Copy of P8150290.JPG,212,3,2,Green,Copy of P8150290.JPG,,Confirmed,X: 10 - 90% / Y: 10 - 90%,0,70,0,0,0,0,23.333,0,0,0,0,0,0,0,6.667
212_3_3_Green_Copy of P8150291.JPG,212,3,3,Green,Copy of P8150291.JPG,,Confirmed,X: 1 - 3480 pixels / Y: 16 - 1935 pixels,0,76.667,0,0,0,0,16.667,0,0,0,0,0,0,0,6.667
212_3_4_Green_Copy of P8150292.JPG,212,3,4,Green,Copy of P8150292.JPG,,Confirmed,X: 1646 - 3950 pixels / Y: 1 - 1970 pixels,0,83.333,0,0,0,0,0,0,0,0,0,0,0,0,16.667
212_4_1_Green_Copy of P8150294.JPG,212,4,1,Green,Copy of P8150294.JPG,,Confirmed,X: 1176 - 4000 pixels / Y: 751 - 2990 pixels,0,86.667,0,0,0,0,0,0,0,0,0,3.333,0,0,10
212_4_2_Green_Copy of P8150295.JPG,212,4,2,Green,Copy of P8150295.JPG,,Confirmed,X: 16 - 2975 pixels / Y: 926 - 2975 pixels,0,70,0,0,0,0,10,0,0,0,0,6.667,0,0,13.333
212_4_3_Green_Copy of P8150296.JPG,212,4,3,Green,Copy of P8150296.JPG,,Confirmed,X: 1 - 3285 pixels / Y: 1 - 2165 pixels,0,83.333,0,0,0,0,3.333,0,0,0,0,0,0,0,13.333
212_4_4_Green_Copy of P8150297.JPG,212,4,4,Green,Copy of P8150297.JPG,,Confirmed,X: 1676 - 4000 pixels / Y: 16 - 2180 pixels,0,93.333,0,0,0,0,0,0,0,0,0,0,0,0,6.667
212_5_1_Green_Copy of P8150300.JPG,212,5,1,Green,Copy of P8150300.JPG,,Confirmed,X: 1551 - 4000 pixels / Y: 1116 - 2970 pixels,0,80,0,0,0,0,0,0,0,0,0,0,0,0,20
212_5_2_Green_Copy of P8150301.JPG,212,5,2,Green,Copy of P8150301.JPG,,Confirmed,X: 6 - 3600 pixels / Y: 491 - 3000 pixels,0,93.333,0,0,0,0,0,0,0,0,0,0,0,0,6.667
212_5_3_Green_Copy of P8150302.JPG,212,5,3,Green,Copy of P8150302.JPG,,Confirmed,X: 10 - 90% / Y: 10 - 90%,0,86.667,0,0,0,0,0,0,0,0,0,0,0,0,13.333
212_5_4_Green_Copy of P8150303.JPG,212,5,4,Green,Copy of P8150303.JPG,,Confirmed,X: 1086 - 4000 pixels / Y: 26 - 2380 pixels,0,86.667,0,0,0,0,0,0,0,0,0,0,0,0,13.333
213_1_1_Yellow_Copy of P8150605.JPG,213,1,1,Yellow,Copy of P8150605.JPG,,Confirmed,X: 10 - 90% / Y: 10 - 90%,0,30,0,0,0,0,0,0,0,66.667,0,3.333,0,0,0
213_1_2_Yellow_Copy of P8150610.JPG,213,1,2,Yellow,Copy of P8150610.JPG,,Confirmed,X: 10 - 90% / Y: 10 - 90%,0,13.333,0,0,0,0,6.667,0,6.667,0,0,13.333,0,0,60
213_1_3_Yellow_Copy of P8150613.JPG,213,1,3,Yellow,Copy of P8150613.JPG,,Confirmed,X: 10 - 90% / Y: 10 - 90%,0,56.667,0,0,0,0,10,0,0,0,0,16.667,0,0,16.667
213_2_1_Yellow_Copy of P8150538.JPG,213,2,1,Yellow,Copy of P8150538.JPG,,Confirmed,X: 10 - 90% / Y: 10 - 90%,0,20,0,0,0,0,0,30,0,0,0,10,0,0,40
213_2_2_Yellow_Copy of P8150539.JPG,213,2,2,Yellow,Copy of P8150539.JPG,,Confirmed,X: 10 - 90% / Y: 10 - 90%,0,13.333,0,0,0,0,0,13.333,0,0,0,0,0,0,73.333
213_2_3_Yellow_Copy of P8150541.JPG,213,2,3,Yellow,Copy of P8150541.JPG,,Confirmed,X: 10 - 90% / Y: 10 - 90%,0,23.333,0,0,0,0,0,0,0,0,0,0,0,0,76.667
213_2_4_Yellow_Copy of P8150549.JPG,213,2,4,Yellow,Copy of P8150549.JPG,,Confirmed,X: 10 - 90% / Y: 10 - 90%,0,50,0,0,0,0,0,3.333,0,0,0,0,0,0,46.667
213_3_1_Yellow_Copy of P8150552.JPG,213,3,1,Yellow,Copy of P8150552.JPG,,Confirmed,X: 400 - 4000 pixels / Y: 471 - 3000 pixels,0,26.667,0,0,0,0,0,0,0,0,0,0,0,0,73.333
213_3_2_Yellow_Copy of P8150553.JPG,213,3,2,Yellow,Copy of P8150553.JPG,,Confirmed,X: 1 - 3990 pixels / Y: 641 - 2970 pixels,0,43.333,0,0,3.333,0,0,0,0,0,0,0,0,0,53.333
213_3_3_Yellow_Copy of P8150557.JPG,213,3,3,Yellow,Copy of P8150557.JPG,,Confirmed,X: 10 - 90% / Y: 10 - 90%,0,53.333,0,0,0,0,0,3.333,0,0,0,3.333,0,0,40
213_3_4_Yellow_Copy of P8150560.JPG,213,3,4,Yellow,Copy of P8150560.JPG,,Confirmed,X: 10 - 90% / Y: 10 - 90%,0,20,0,0,0,0,0,0,3.333,16.667,0,3.333,0,0,56.667
213_4_1_Yellow_Copy of P8150563.JPG,213,4,1,Yellow,Copy of P8150563.JPG,,Confirmed,X: 10 - 90% / Y: 10 - 90%,0,73.333,0,0,0,0,0,0,10,0,0,0,0,0,16.667
213_4_2_Yellow_Copy of P8150568.JPG,213,4,2,Yellow,Copy of P8150568.JPG,,Confirmed,X: 71 - 3315 pixels / Y: 206 - 2955 pixels,0,50,0,0,0,0,3.333,0,0,0,0,0,0,0,46.667
213_4_3_Yellow_Copy of P8150571.JPG,213,4,3,Yellow,Copy of P8150571.JPG,,Confirmed,X: 36 - 3600 pixels / Y: 1 - 2470 pixels,0,0,0,0,0,0,0,0,0,0,0,0,0,0,100
213_4_4_Yellow_Copy of P8150585.JPG,213,4,4,Yellow,Copy of P8150585.JPG,,Confirmed,X: 1166 - 4000 pixels / Y: 591 - 3000 pixels,0,6.667,0,0,0,0,0,0,0,0,0,0,0,0,93.333
213_5_1_Yellow_Copy of P8150588.JPG,213,5,1,Yellow,Copy of P8150588.JPG,,Confirmed,X: 1 - 3275 pixels / Y: 300 - 3000 pixels,0,0,0,0,0,0,0,3.333,0,0,0,0,0,0,96.667
213_5_2_Yellow_Copy of P8150596.JPG,213,5,2,Yellow,Copy of P8150596.JPG,,Confirmed,X: 10 - 90% / Y: 10 - 90%,0,23.333,0,0,0,0,3.333,3.333,0,0,0,0,0,0,70
213_5_3_Yellow_Copy of P8150600.JPG,213,5,3,Yellow,Copy of P8150600.JPG,,Confirmed,X: 10 - 90% / Y: 10 - 90%,0,13.333,0,0,0,0,0,0,3.333,0,0,0,0,0,83.333
214_1_1_Green_Copy of P8150232.JPG,214,1,1,Green,Copy of P8150232.JPG,,Confirmed,X: 851 - 3600 pixels / Y: 406 - 2975 pixels,0,86.667,0,0,6.667,0,0,0,3.333,0,0,3.333,0,0,0
214_2_1_Green_Copy of P8150234.JPG,214,2,1,Green,Copy of P8150234.JPG,,Confirmed,X: 10 - 90% / Y: 10 - 90%,0,86.667,0,0,0,0,0,0,0,0,0,0,0,10,3.333
214_3_1_Green_Copy of P8150237.JPG,214,3,1,Green,Copy of P8150237.JPG,,Confirmed,X: 10 - 90% / Y: 10 - 90%,0,66.667,0,0,0,0,0,0,0,0,0,0,0,33.333,0
214_4_1_Green_Copy of P8150240.JPG,214,4,1,Green,Copy of P8150240.JPG,,Confirmed,X: 1046 - 3695 pixels / Y: 511 - 3000 pixels,0,46.667,0,0,30,0,0,0,3.333,0,0,10,0,10,0
215_1_1_Red_Copy of P8130043.JPG,215,1,1,Red,Copy of P8130043.JPG,,Confirmed,X: 911 - 3215 pixels / Y: 300 - 2615 pixels,0,0,0,0,0,0,0,0,0,100,0,0,0,0,0
215_2_1_Red_Copy of P8130045.JPG,215,2,1,Red,Copy of P8130045.JPG,,Confirmed,X: 10 - 90% / Y: 10 - 90%,0,0,0,0,0,0,0,0,0,100,0,0,0,0,0
215_3_1_Red_Copy of P8130044.JPG,215,3,1,Red,Copy of P8130044.JPG,,Confirmed,X: 10 - 90% / Y: 10 - 90%,0,0,0,0,10,0,0,0,0,86.667,0,0,0,0,3.333
215_4_1_Red_Copy of P8130047.JPG,215,4,1,Red,Copy of P8130047.JPG,,Confirmed,X: 641 - 2880 pixels / Y: 300 - 2700 pixels,0,0,0,0,0,0,0,0,0,100,0,0,0,0,0
215_5_1_Red_Copy of P8130048.JPG,215,5,1,Red,Copy of P8130048.JPG,,Confirmed,X: 966 - 3190 pixels / Y: 446 - 2585 pixels,0,50,0,0,6.667,0,0,0,0,43.333,0,0,0,0,0
216_1_1_Yellow_Copy of P8120031.JPG,216,1,1,Yellow,Copy of P8120031.JPG,,Confirmed,X: 1096 - 3780 pixels / Y: 300 - 2990 pixels,3.333,0,0,0,66.667,0,0,0,0,0,0,20,0,3.333,6.667
216_2_1_Yellow_Copy of P8120032.JPG,216,2,1,Yellow,Copy of P8120032.JPG,,Confirmed,X: 926 - 3600 pixels / Y: 181 - 2700 pixels,3.333,3.333,0,0,76.667,0,0,0,3.333,0,0,13.333,0,0,0
216_3_1_Yellow_Copy of P8120034.JPG,216,3,1,Yellow,Copy of P8120034.JPG,,Confirmed,X: 951 - 3440 pixels / Y: 521 - 2970 pixels,0,3.333,0,0,70,0,0,0,3.333,0,0,20,0,0,3.333
216_4_1_Yellow_Copy of P8120044.JPG,216,4,1,Yellow,Copy of P8120044.JPG,,Confirmed,X: 1051 - 3600 pixels / Y: 300 - 2700 pixels,0,0,0,0,80,0,0,0,13.333,0,0,6.667,0,0,0
216_5_1_Yellow_Copy of P8120049.JPG,216,5,1,Yellow,Copy of P8120049.JPG,,Confirmed,X: 686 - 3100 pixels / Y: 201 - 2700 pixels,0,0,0,0,40,0,0,0,6.667,0,0,3.333,0,0,50
217_1_1_Yellow_Copy of P8130148.JPG,217,1,1,Yellow,Copy of P8130148.JPG,,Confirmed,X: 400 - 3240 pixels / Y: 41 - 2700 pixels,0,53.333,0,0,26.667,0,0,0,3.333,0,0,0,0,0,16.667
217_2_1_Yellow_Copy of P8130150.JPG,217,2,1,Yellow,Copy of P8130150.JPG,,Confirmed,X: 10 - 90% / Y: 10 - 90%,0,20,0,0,3.333,0,33.333,0,0,0,0,0,0,0,43.333
217_3_1_Yellow_Copy of P8130152.JPG,217,3,1,Yellow,Copy of P8130152.JPG,,Confirmed,X: 596 - 3175 pixels / Y: 136 - 2700 pixels,0,50,0,0,3.333,0,0,0,6.667,0,0,0,0,0,40
217_4_1_Yellow_Copy of P8130154.JPG,217,4,1,Yellow,Copy of P8130154.JPG,,Confirmed,X: 331 - 3025 pixels / Y: 300 - 3000 pixels,0,36.667,0,0,20,0,10,0,6.667,13.333,0,3.333,0,0,10
217_5_1_Yellow_Copy of P8130155.JPG,217,5,1,Yellow,Copy of P8130155.JPG,,Confirmed,X: 400 - 3080 pixels / Y: 300 - 2940 pixels,0,63.333,0,0,10,0,0,0,3.333,0,0,0,0,0,23.333
218_1_1_Yellow_Copy of P8150849.JPG,218,1,1,Yellow,Copy of P8150849.JPG,,Confirmed,X: 10 - 90% / Y: 10 - 90%,0,16.667,0,0,0,0,63.333,0,0,6.667,0,0,0,0,13.333
218_1_1_Yellow_Copy of P8150866.JPG,218,1,1,Yellow,Copy of P8150866.JPG,,Confirmed,X: 691 - 3275 pixels / Y: 300 - 2800 pixels,0,60,0,0,0,0,23.333,0,0,0,0,16.667,0,0,0
218_3_1_Yellow_Copy of P8150852.JPG,218,3,1,Yellow,Copy of P8150852.JPG,,Confirmed,X: 661 - 3300 pixels / Y: 166 - 2800 pixels,0,63.333,0,0,26.667,0,0,0,0,0,0,10,0,0,0
218_4_1_Yellow_Copy of P8150860.JPG,218,4,1,Yellow,Copy of P8150860.JPG,,Confirmed,X: 571 - 3035 pixels / Y: 141 - 2650 pixels,0,10,0,0,0,0,73.333,0,0,0,0,16.667,0,0,0
218_5_1_Yellow_Copy of P8150865.JPG,218,5,1,Yellow,Copy of P8150865.JPG,,Confirmed,X: 676 - 3150 pixels / Y: 300 - 2780 pixels,0,20,0,0,0,0,33.333,0,0,0,0,36.667,0,0,10
219_1_1_Green_Copy of P8130056.JPG,219,1,1,Green,Copy of P8130056.JPG,,Confirmed,X: 876 - 3675 pixels / Y: 166 - 2920 pixels,0,93.333,0,0,3.333,0,0,0,0,0,0,0,0,0,3.333
219_2_1_Green_Copy of P8130057.JPG,219,2,1,Green,Copy of P8130057.JPG,,Confirmed,X: 511 - 3360 pixels / Y: 191 - 3000 pixels,0,100,0,0,0,0,0,0,0,0,0,0,0,0,0
219_3_1_Green_Copy of P8130058.JPG,219,3,1,Green,Copy of P8130058.JPG,,Confirmed,X: 931 - 3600 pixels / Y: 261 - 2985 pixels,0,100,0,0,0,0,0,0,0,0,0,0,0,0,0
219_4_1_Green_Copy of P8130061.JPG,219,4,1,Green,Copy of P8130061.JPG,,Confirmed,X: 646 - 3510 pixels / Y: 106 - 2910 pixels,0,93.333,0,0,0,0,0,0,0,0,0,0,0,0,6.667
219_5_1_Green_Copy of P8130062.JPG,219,5,1,Green,Copy of P8130062.JPG,,Confirmed,X: 686 - 3600 pixels / Y: 66 - 2990 pixels,0,100,0,0,0,0,0,0,0,0,0,0,0,0,0
220_1_1_Red_Copy of P8140171.JPG,220,1,1,Red,Copy of P8140171.JPG,,Confirmed,X: 846 - 2885 pixels / Y: 496 - 2580 pixels,0,40,0,0,56.667,0,0,0,3.333,0,0,0,0,0,0
220_2_1_Red_Copy of P8140172.JPG,220,2,1,Red,Copy of P8140172.JPG,,Confirmed,X: 871 - 3025 pixels / Y: 496 - 2700 pixels,0,66.667,0,0,0,0,6.667,0,0,0,0,6.667,0,0,20
220_3_1_Red_Copy of P8140174.JPG,220,3,1,Red,Copy of P8140174.JPG,,Confirmed,X: 1166 - 3265 pixels / Y: 356 - 2440 pixels,0,16.667,0,0,33.333,0,50,0,0,0,0,0,0,0,0
220_4_1_Red_Copy of P8140175.JPG,220,4,1,Red,Copy of P8140175.JPG,,Confirmed,X: 946 - 3055 pixels / Y: 461 - 2535 pixels,0,20,0,0,36.667,0,43.333,0,0,0,0,0,0,0,0
220_5_1_Red_Copy of P8140176.JPG,220,5,1,Red,Copy of P8140176.JPG,,Confirmed,X: 991 - 3030 pixels / Y: 561 - 2605 pixels,0,26.667,0,0,50,0,0,0,0,16.667,0,6.667,0,0,0
221_2_1_Yellow_Copy of P8130081.JPG,221,2,1,Yellow,Copy of P8130081.JPG,,Confirmed,X: 10 - 90% / Y: 10 - 90%,0,10,0,0,73.333,0,0,0,0,0,0,0,0,0,16.667
221_3_1_Yellow_Copy of P8130083.JPG,221,3,1,Yellow,Copy of P8130083.JPG,,Confirmed,X: 400 - 2930 pixels / Y: 461 - 2855 pixels,0,46.667,0,0,36.667,3.333,0,0,3.333,0,0,0,0,0,10
221_4_1_yellow_Copy of P8130086.JPG,221,4,1,yellow,Copy of P8130086.JPG,,Confirmed,X: 856 - 3020 pixels / Y: 176 - 2400 pixels,0,10,0,0,90,0,0,0,0,0,0,0,0,0,0
221_5_1_Yellow_Copy of P8130088.JPG,221,5,1,Yellow,Copy of P8130088.JPG,,Confirmed,X: 681 - 3265 pixels / Y: 300 - 2985 pixels,0,0,0,0,100,0,0,0,0,0,0,0,0,0,0
222_1_1_Yellow_Copy of P8140203.JPG,222,1,1,Yellow,Copy of P8140203.JPG,,Confirmed,X: 281 - 3060 pixels / Y: 300 - 2985 pixels,0,56.667,0,0,40,0,0,0,0,0,0,3.333,0,0,0
222_2_1_Yellow_Copy of P8140195.JPG,222,2,1,Yellow,Copy of P8140195.JPG,,Confirmed,X: 521 - 3175 pixels / Y: 300 - 2960 pixels,0,36.667,0,0,53.333,0,0,0,0,0,0,0,0,0,10
222_3_1_Yellow_Copy of P8140197.JPG,222,3,1,Yellow,Copy of P8140197.JPG,,Confirmed,X: 646 - 3160 pixels / Y: 226 - 2700 pixels,0,66.667,0,0,13.333,0,0,3.333,0,0,0,0,0,0,16.667
222_4_1_Yellow_Copy of P8140200.JPG,222,4,1,Yellow,Copy of P8140200.JPG,,Confirmed,X: 516 - 3080 pixels / Y: 186 - 2700 pixels,0,73.333,0,0,23.333,0,0,0,0,0,0,0,0,0,3.333
222_5_1_Yellow_Copy of P8140202.JPG,222,5,1,Yellow,Copy of P8140202.JPG,,Confirmed,X: 400 - 3195 pixels / Y: 300 - 2965 pixels,0,66.667,0,0,16.667,0,0,0,3.333,0,0,0,0,0,13.333
223_1_1_Green_Copy of P8130069.JPG,223,1,1,Green,Copy of P8130069.JPG,,Confirmed,X: 716 - 3520 pixels / Y: 231 - 3000 pixels,0,90,0,0,0,0,0,0,0,0,0,0,0,0,10
223_2_1_Green_Copy of P8130070.JPG,223,2,1,Green,Copy of P8130070.JPG,,Confirmed,X: 671 - 3335 pixels / Y: 156 - 2810 pixels,0,93.333,0,0,0,0,0,0,0,0,0,0,0,0,6.667
223_3_1_Green_Copy of P8130071.JPG,223,3,1,Green,Copy of P8130071.JPG,,Confirmed,X: 1011 - 3530 pixels / Y: 221 - 2795 pixels,0,100,0,0,0,0,0,0,0,0,0,0,0,0,0
223_4_1_Green_Copy of P8130072.JPG,223,4,1,Green,Copy of P8130072.JPG,,Confirmed,X: 751 - 3480 pixels / Y: 416 - 3000 pixels,0,93.333,0,0,0,0,0,0,0,0,0,0,0,0,6.667
223_5_1_Green_Copy of P8130073.JPG,223,5,1,Green,Copy of P8130073.JPG,,Confirmed,X: 10 - 90% / Y: 10 - 90%,0,83.333,0,0,0,0,0,0,0,0,0,0,0,0,16.667
224_1_1_Red_Copy of P8130078.JPG,224,1,1,Red,Copy of P8130078.JPG,,Confirmed,X: 10 - 90% / Y: 10 - 90%,0,50,0,0,0,0,0,0,0,13.333,0,0,0,0,36.667
224_1_2_Red_Copy of P8130080.JPG,224,1,2,Red,Copy of P8130080.JPG,,Confirmed,X: 21 - 3170 pixels / Y: 300 - 3000 pixels,0,43.333,0,0,0,0,0,0,3.333,6.667,0,0,0,0,46.667
224_1_3_red_Copy of P8130081.JPG,224,1,3,Red,Copy of P8130081.JPG,,Confirmed,X: 10 - 90% / Y: 10 - 90%,0,53.333,0,0,3.333,0,0,0,0,13.333,0,0,0,0,30
224_1_4_Red_Copy of P8130082.JPG,224,1,4,Red,Copy of P8130082.JPG,,Confirmed,X: 1 - 2555 pixels / Y: 16 - 2700 pixels,0,60,0,0,3.333,0,0,0,0,10,0,0,0,0,26.667
224_2_1_Red_Copy of P8130084.JPG,224,2,1,Red,Copy of P8130084.JPG,,Confirmed,X: 10 - 90% / Y: 10 - 90%,0,70,0,0,3.333,3.333,0,0,3.333,0,0,0,0,0,20
224_2_2_Red_Copy of P8130085.JPG,224,2,2,Red,Copy of P8130085.JPG,,Confirmed,X: 1 - 2790 pixels / Y: 396 - 3000 pixels,0,83.333,0,0,0,0,0,0,0,0,0,0,0,0,16.667
224_2_3_Red_Copy of P8130086.JPG,224,2,3,Red,Copy of P8130086.JPG,,Confirmed,X: 36 - 3115 pixels / Y: 76 - 2700 pixels,0,60,0,0,3.333,0,0,0,0,0,0,0,0,0,36.667
224_2_4_Red_Copy of P8130087.JPG,224,2,4,Red,Copy of P8130087.JPG,,Confirmed,X: 10 - 90% / Y: 10 - 90%,0,53.333,0,0,0,0,0,0,0,0,0,0,0,0,46.667
224_3_1_Red_Copy of P8130089.JPG,224,3,1,Red,Copy of P8130089.JPG,,Confirmed,X: 400 - 4000 pixels / Y: 486 - 2935 pixels,0,63.333,0,0,0,0,0,0,0,0,0,0,0,0,36.667
224_3_2_Red_Copy of P8130090.JPG,224,3,2,Red,Copy of P8130090.JPG,,Confirmed,X: 1 - 3045 pixels / Y: 721 - 3000 pixels,0,63.333,0,0,6.667,0,0,0,0,20,0,0,0,0,10
224_3_3_Red_Copy of P8130091.JPG,224,3,3,Red,Copy of P8130091.JPG,,Confirmed,X: 1 - 3295 pixels / Y: 1 - 2355 pixels,0,60,0,0,0,0,0,0,0,0,0,0,0,0,40
224_3_4_Red_Copy of P8130092.JPG,224,3,4,Red,Copy of P8130092.JPG,,Confirmed,X: 10 - 90% / Y: 10 - 90%,0,60,0,0,0,0,0,0,0,0,0,0,0,0,40
224_4_1_Red_Copy of P8130094.JPG,224,4,1,Red,Copy of P8130094.JPG,,Confirmed,X: 10 - 90% / Y: 10 - 90%,0,70,0,0,0,0,0,0,0,30,0,0,0,0,0
224_4_2_Red_Copy of P8130095.JPG,224,4,2,Red,Copy of P8130095.JPG,,Confirmed,X: 10 - 90% / Y: 10 - 90%,0,56.667,0,0,0,0,0,0,0,6.667,0,0,0,0,36.667
224_4_3_Red_Copy of P8130096.JPG,224,4,3,Red,Copy of P8130096.JPG,,Confirmed,X: 1 - 3085 pixels / Y: 1 - 2480 pixels,0,36.667,0,0,0,0,0,0,0,46.667,0,0,0,0,16.667
224_4_4_Red_Copy of P8130097.JPG,224,4,4,Red,Copy of P8130097.JPG,,Confirmed,X: 861 - 4000 pixels / Y: 1 - 2785 pixels,0,70,0,0,0,0,0,0,0,6.667,0,0,0,0,23.333
224_5_1_Red_Copy of P8130099.JPG,224,5,1,Red,Copy of P8130099.JPG,,Confirmed,X: 716 - 4000 pixels / Y: 701 - 3000 pixels,0,76.667,0,0,0,0,0,0,0,10,0,0,0,0,13.333
224_5_2_Red_Copy of P8130100.JPG,224,5,2,Red,Copy of P8130100.JPG,,Confirmed,X: 1 - 3030 pixels / Y: 300 - 3000 pixels,0,70,0,0,0,0,0,0,0,13.333,0,0,0,0,16.667
224_5_3_Red_Copy of P8130101.JPG,224,5,3,Red,Copy of P8130101.JPG,,Confirmed,X: 1 - 3320 pixels / Y: 1 - 2510 pixels,0,30,0,0,0,0,0,0,0,16.667,0,0,0,0,53.333
224_5_4_Red_Copy of P8130102.JPG,224,5,4,Red,Copy of P8130102.JPG,,Confirmed,X: 400 - 3980 pixels / Y: 1 - 2195 pixels,0,43.333,0,0,0,0,0,0,0,10,0,0,0,0,46.667
225_1_1_Red_Copy of P8150384.JPG,225,1,1,Red,Copy of P8150384.JPG,,Confirmed,X: 691 - 3205 pixels / Y: 226 - 2800 pixels,0,23.333,0,0,0,0,50,3.333,0,0,0,23.333,0,0,0
225_2_1_Red_Copy of P8150385.JPG,225,2,1,Red,Copy of P8150385.JPG,,Confirmed,X: 981 - 3280 pixels / Y: 300 - 2700 pixels,0,36.667,0,0,0,0,50,0,0,0,0,13.333,0,0,0
225_3_1_Red_Copy of P8150387.JPG,225,3,1,Red,Copy of P8150387.JPG,,Confirmed,X: 651 - 2900 pixels / Y: 521 - 2700 pixels,0,3.333,0,0,0,0,80,0,0,0,0,16.667,0,0,0
225_4_1_Red_Copy of P8150388.JPG,225,4,1,Red,Copy of P8150388.JPG,,Confirmed,X: 746 - 3050 pixels / Y: 300 - 2700 pixels,0,20,0,0,0,0,66.667,0,0,0,0,10,0,0,3.333
225_5_1_Red_Copy of P8150389.JPG,225,5,1,Red,Copy of P8150389.JPG,,Confirmed,X: 776 - 3090 pixels / Y: 411 - 2700 pixels,0,6.667,0,0,0,0,56.667,0,0,0,0,36.667,0,0,0
226_1_1_Green_Copy of P8150216.JPG,226,1,1,Green,Copy of P8150216.JPG,,Confirmed,X: 796 - 2920 pixels / Y: 516 - 2580 pixels,0,0,96.667,0,0,0,0,0,0,0,0,0,0,0,3.333
226_2_1_Green_Copy of P8150217.JPG,226,2,1,Green,Copy of P8150217.JPG,,Confirmed,X: 400 - 2605 pixels / Y: 386 - 2315 pixels,0,0,50,0,20,0,0,0,0,0,0,26.667,0,0,3.333
226_3_1_Green_Copy of P8150218.JPG,226,3,1,Green,Copy of P8150218.JPG,,Confirmed,X: 1 - 2220 pixels / Y: 351 - 2420 pixels,0,0,26.667,0,0,0,0,0,0,0,0,73.333,0,0,0
226_4_1_Green_Copy of P8150219.JPG,226,4,1,Green,Copy of P8150219.JPG,,Confirmed,X: 811 - 2945 pixels / Y: 256 - 2460 pixels,0,0,50,0,0,0,0,0,0,0,0,46.667,0,0,3.333
226_5_1_Green_Copy of P8150220.JPG,226,5,1,Green,Copy of P8150220.JPG,,Confirmed,X: 821 - 3055 pixels / Y: 581 - 2850 pixels,0,0,36.667,0,0,0,0,0,0,0,0,63.333,0,0,0
227_1_1_red_Copy of P8130051.JPG,227,1,1,red,Copy of P8130051.JPG,,Confirmed,X: 801 - 2520 pixels / Y: 451 - 2300 pixels,0,56.667,0,0,23.333,0,0,0,0,0,0,10,0,0,10
227_2_1_Red_Copy of P8130053.JPG,227,2,1,Red,Copy of P8130053.JPG,,Confirmed,X: 926 - 2885 pixels / Y: 611 - 2440 pixels,0,76.667,0,0,13.333,0,0,0,3.333,0,0,0,0,0,6.667
227_3_1_Red_Copy of P8130055.JPG,227,3,1,Red,Copy of P8130055.JPG,,Confirmed,X: 751 - 2840 pixels / Y: 456 - 2575 pixels,0,56.667,0,0,16.667,10,0,0,0,0,0,16.667,0,0,0
227_4_1_Red_Copy of P8130056.JPG,227,4,1,Red,Copy of P8130056.JPG,,Confirmed,X: 1061 - 2905 pixels / Y: 671 - 2485 pixels,0,60,0,0,36.667,0,0,0,0,0,0,3.333,0,0,0
227_5_1_Red_Copy of P8130057.JPG,227,5,1,Red,Copy of P8130057.JPG,,Confirmed,X: 1066 - 3050 pixels / Y: 386 - 2385 pixels,0,50,0,0,0,0,0,0,0,40,0,10,0,0,0
228_1_1_Yellow_Copy of P8120021.JPG,228,1,1,Yellow,Copy of P8120021.JPG,,Confirmed,X: 951 - 3085 pixels / Y: 421 - 2555 pixels,0,80,0,0,0,0,0,0,0,16.667,0,3.333,0,0,0
228_2_1_Yellow_Copy of P8120022.JPG,228,2,1,Yellow,Copy of P8120022.JPG,,Confirmed,X: 936 - 2895 pixels / Y: 476 - 2520 pixels,0,90,0,0,0,0,0,0,0,6.667,0,0,0,0,3.333
228_3_1_Yellow_Copy of P8120023.JPG,228,3,1,Yellow,Copy of P8120023.JPG,,Confirmed,X: 400 - 2775 pixels / Y: 331 - 2600 pixels,0,90,0,0,0,0,0,0,0,10,0,0,0,0,0
228_4_1_Yellow_Copy of P8120024.JPG,228,4,1,Yellow,Copy of P8120024.JPG,,Confirmed,X: 400 - 3015 pixels / Y: 201 - 2800 pixels,0,80,0,0,0,0,0,0,0,20,0,0,0,0,0
228_5_1_Yellow_Copy of P8120026.JPG,228,5,1,Yellow,Copy of P8120026.JPG,,Confirmed,X: 991 - 3035 pixels / Y: 586 - 2700 pixels,0,70,0,0,0,0,0,0,0,30,0,0,0,0,0
229_1_1_Yellow_Copy of P8140221.JPG,229,1,1,Yellow,Copy of P8140221.JPG,,Confirmed,X: 526 - 3060 pixels / Y: 146 - 2700 pixels,0,46.667,0,0,23.333,0,0,0,0,0,0,3.333,0,0,26.667
229_2_1_Yellow_Copy of P8140207.JPG,229,2,1,Yellow,Copy of P8140207.JPG,,Confirmed,X: 851 - 3435 pixels / Y: 141 - 2820 pixels,0,20,0,0,13.333,0,0,0,0,0,0,6.667,0,0,60
229_3_1_Yellow_Copy of P8140212.JPG,229,3,1,Yellow,Copy of P8140212.JPG,,Confirmed,X: 400 - 3265 pixels / Y: 206 - 3000 pixels,0,63.333,0,0,26.667,0,0,0,0,0,0,3.333,0,0,6.667
229_4_1_Yellow_Copy of P8140215.JPG,229,4,1,Yellow,Copy of P8140215.JPG,,Confirmed,X: 546 - 3240 pixels / Y: 186 - 2795 pixels,0,70,0,0,13.333,0,0,0,0,0,0,0,0,0,16.667
229_5_1_Yellow_Copy of P8140216.JPG,229,5,1,Yellow,Copy of P8140216.JPG,,Confirmed,X: 641 - 2955 pixels / Y: 300 - 2565 pixels,0,53.333,0,0,3.333,0,0,0,0,0,0,3.333,0,0,40
230_1_1_Yellow_Copy of P8150520.JPG,230,1,1,Yellow,Copy of P8150520.JPG,,Confirmed,X: 10 - 90% / Y: 10 - 90%,0,100,0,0,0,0,0,0,0,0,0,0,0,0,0
230_1_2_Yellow_Copy of P8150523.JPG,230,1,2,Yellow,Copy of P8150523.JPG,,Confirmed,X: 10 - 90% / Y: 10 - 90%,0,100,0,0,0,0,0,0,0,0,0,0,0,0,0
230_1_3_Yellow_Copy of P8150526.JPG,230,1,3,Yellow,Copy of P8150526.JPG,,Confirmed,X: 10 - 90% / Y: 10 - 90%,0,100,0,0,0,0,0,0,0,0,0,0,0,0,0
230_1_4_Yellow_Copy of P8150529.JPG,230,1,4,Yellow,Copy of P8150529.JPG,,Confirmed,X: 10 - 90% / Y: 10 - 90%,0,100,0,0,0,0,0,0,0,0,0,0,0,0,0
230_2_1_Yellow_Copy of P8150464.JPG,230,2,1,Yellow,Copy of P8150464.JPG,,Confirmed,X: 10 - 90% / Y: 10 - 90%,0,100,0,0,0,0,0,0,0,0,0,0,0,0,0
230_2_2_Yellow_Copy of P8150466.JPG,230,2,2,Yellow,Copy of P8150466.JPG,,Confirmed,X: 10 - 90% / Y: 10 - 90%,0,100,0,0,0,0,0,0,0,0,0,0,0,0,0
230_2_3_Yellow_Copy of P8150468.JPG,230,2,3,Yellow,Copy of P8150468.JPG,,Confirmed,X: 10 - 90% / Y: 10 - 90%,0,100,0,0,0,0,0,0,0,0,0,0,0,0,0
230_3_1_Yellow_Copy of P8150472.JPG,230,3,1,Yellow,Copy of P8150472.JPG,,Confirmed,X: 10 - 90% / Y: 10 - 90%,0,100,0,0,0,0,0,0,0,0,0,0,0,0,0
230_3_2_Yellow_Copy of P8150477.JPG,230,3,2,Yellow,Copy of P8150477.JPG,,Confirmed,X: 10 - 90% / Y: 10 - 90%,0,100,0,0,0,0,0,0,0,0,0,0,0,0,0
230_3_3_Yellow_Copy of P8150484.JPG,230,3,3,Yellow,Copy of P8150484.JPG,,Confirmed,X: 10 - 90% / Y: 10 - 90%,0,100,0,0,0,0,0,0,0,0,0,0,0,0,0
230_4_1_Yellow_Copy of P8150486.JPG,230,4,1,Yellow,Copy of P8150486.JPG,,Confirmed,X: 10 - 90% / Y: 10 - 90%,0,100,0,0,0,0,0,0,0,0,0,0,0,0,0
230_4_2_Yellow_Copy of P8150492.JPG,230,4,2,Yellow,Copy of P8150492.JPG,,Confirmed,X: 10 - 90% / Y: 10 - 90%,0,100,0,0,0,0,0,0,0,0,0,0,0,0,0
230_4_3_Yellow_Copy of P8150496.JPG,230,4,3,Yellow,Copy of P8150496.JPG,,Confirmed,X: 10 - 90% / Y: 10 - 90%,0,86.667,0,0,13.333,0,0,0,0,0,0,0,0,0,0
230_5_1_Yellow_Copy of P8150505.JPG,230,5,1,Yellow,Copy of P8150505.JPG,,Confirmed,X: 10 - 90% / Y: 10 - 90%,0,100,0,0,0,0,0,0,0,0,0,0,0,0,0
230_5_2_Yellow_Copy of P8150510.JPG,230,5,2,Yellow,Copy of P8150510.JPG,,Confirmed,X: 10 - 90% / Y: 10 - 90%,0,100,0,0,0,0,0,0,0,0,0,0,0,0,0
230_5_3_Yellow_Copy of P8150511.JPG,230,5,3,Yellow,Copy of P8150511.JPG,,Confirmed,X: 10 - 90% / Y: 10 - 90%,0,100,0,0,0,0,0,0,0,0,0,0,0,0,0
230_5_3_Yellow_Copy of P8150515.JPG,230,5,3,Yellow,Copy of P8150515.JPG,,Confirmed,X: 10 - 90% / Y: 10 - 90%,0,100,0,0,0,0,0,0,0,0,0,0,0,0,0
231_1_1_Green_Copy of P8140149.JPG,231,1,1,Green,Copy of P8140149.JPG,,Confirmed,X: 400 - 2855 pixels / Y: 300 - 2700 pixels,0,80,0,0,0,0,0,0,0,0,0,0,0,0,20
231_2_1_Green_Copy of P8140150.JPG,231,2,1,Green,Copy of P8140150.JPG,,Confirmed,X: 746 - 3285 pixels / Y: 300 - 2700 pixels,0,93.333,0,0,0,0,0,0,0,0,0,0,0,0,6.667
231_3_1_Green_Copy of P8140151.JPG,231,3,1,Green,Copy of P8140151.JPG,,Confirmed,X: 681 - 3130 pixels / Y: 300 - 2880 pixels,0,90,0,0,0,0,0,0,0,0,0,0,0,0,10
231_4_1_Green_Copy of P8140152.JPG,231,4,1,Green,Copy of P8140152.JPG,,Confirmed,X: 511 - 3175 pixels / Y: 146 - 2740 pixels,0,70,0,0,0,0,26.667,0,0,0,0,3.333,0,0,0
231_5_1_Green_Copy of P8140153.JPG,231,5,1,Green,Copy of P8140153.JPG,,Confirmed,X: 811 - 3265 pixels / Y: 156 - 2700 pixels,0,63.333,0,0,0,0,0,0,0,0,0,30,0,0,6.667
232_1_1_Red_Copy of P8140234.JPG,232,1,1,Red,Copy of P8140234.JPG,,Confirmed,X: 941 - 3165 pixels / Y: 300 - 2530 pixels,0,93.333,0,0,0,0,3.333,0,0,0,0,0,0,0,3.333
232_2_1_Red_Copy of P8140235.JPG,232,2,1,Red,Copy of P8140235.JPG,,Confirmed,X: 996 - 2835 pixels / Y: 536 - 2385 pixels,0,66.667,0,0,30,0,0,0,0,0,0,0,0,0,3.333
232_3_1_Red_Copy of P8140237.JPG,232,3,1,Red,Copy of P8140237.JPG,,Confirmed,X: 1091 - 3235 pixels / Y: 686 - 2700 pixels,0,56.667,0,0,33.333,0,0,0,0,0,0,0,0,0,10
232_4_1_Red_Copy of P8140240.JPG,232,4,1,Red,Copy of P8140240.JPG,,Confirmed,X: 921 - 3125 pixels / Y: 300 - 2605 pixels,0,60,0,0,16.667,0,20,0,0,0,0,3.333,0,0,0
232_5_1_Red_Copy of P8140241.JPG,232,5,1,Red,Copy of P8140241.JPG,,Confirmed,X: 646 - 2925 pixels / Y: 436 - 2545 pixels,0,36.667,0,0,26.667,0,3.333,0,6.667,0,0,10,0,0,16.667
233_1_1_Yellow_Copy of P8130122.JPG,233,1,1,Yellow,Copy of P8130122.JPG,,Confirmed,X: 431 - 3335 pixels / Y: 26 - 2945 pixels,0,53.333,0,0,10,0,0,0,0,36.667,0,0,0,0,0
233_2_1_Yellow_Copy of P8130124.JPG,233,2,1,Yellow,Copy of P8130124.JPG,,Confirmed,X: 546 - 3395 pixels / Y: 241 - 2975 pixels,0,83.333,0,0,3.333,0,0,0,0,13.333,0,0,0,0,0
233_3_1_Yellow_Copy of P8130125.JPG,233,3,1,Yellow,Copy of P8130125.JPG,,Confirmed,X: 351 - 3425 pixels / Y: 51 - 2850 pixels,0,60,0,0,3.333,0,0,0,0,36.667,0,0,0,0,0
233_4_1_Yellow_Copy of P8130128.JPG,233,4,1,Yellow,Copy of P8130128.JPG,,Confirmed,X: 551 - 3215 pixels / Y: 161 - 2735 pixels,0,56.667,0,0,3.333,0,0,0,0,36.667,0,3.333,0,0,0
233_5_1_Yellow_Copy of P8130130.JPG,233,5,1,Yellow,Copy of P8130130.JPG,,Confirmed,X: 966 - 3600 pixels / Y: 300 - 2870 pixels,0,80,0,0,0,0,0,6.667,0,13.333,0,0,0,0,0
234_1_3_Yellow_Copy of P8150913.JPG,234,1,3,Yellow,Copy of P8150913.JPG,,Confirmed,X: 10 - 90% / Y: 10 - 90%,0,23.333,0,0,6.667,0,70,0,0,0,0,0,0,0,0
234_1_4_Yellow_Copy of P8150914.JPG,234,1,4,Yellow,Copy of P8150914.JPG,,Confirmed,X: 10 - 90% / Y: 10 - 90%,0,16.667,0,0,0,0,73.333,0,0,3.333,0,0,0,0,6.667
234_2_1_Yellow_Copy of P8150881.JPG,234,2,1,Yellow,Copy of P8150881.JPG,,Confirmed,X: 1 - 3960 pixels / Y: 581 - 2985 pixels,0,50,0,0,0,0,50,0,0,0,0,0,0,0,0
234_2_2_Yellow_Copy of P8150882.JPG,234,2,2,Yellow,Copy of P8150882.JPG,,Confirmed,X: 10 - 90% / Y: 10 - 90%,0,30,0,0,3.333,0,53.333,3.333,3.333,0,0,0,0,0,6.667
234_2_3_Yellow_Copy of P8150883.JPG,234,2,3,Yellow,Copy of P8150883.JPG,,Confirmed,X: 10 - 90% / Y: 10 - 90%,0,36.667,0,0,0,0,26.667,0,0,0,0,0,0,0,36.667
234_2_4_Yellow_Copy of P8150884.JPG,234,2,4,Yellow,Copy of P8150884.JPG,,Confirmed,X: 10 - 90% / Y: 10 - 90%,0,23.333,0,0,0,0,6.667,0,0,0,0,0,0,0,70
234_3_1_Yellow_Copy of P8150887.JPG,234,3,1,Yellow,Copy of P8150887.JPG,,Confirmed,X: 10 - 90% / Y: 10 - 90%,0,46.667,0,0,0,0,16.667,0,0,0,0,0,0,0,36.667
234_3_2_Yellow_Copy of P8150889.JPG,234,3,2,Yellow,Copy of P8150889.JPG,,Confirmed,X: 10 - 90% / Y: 10 - 90%,0,53.333,0,0,0,0,16.667,0,0,0,0,0,0,0,30
234_3_3_Yellow_Copy of P8150890.JPG,234,3,3,Yellow,Copy of P8150890.JPG,,Confirmed,X: 10 - 90% / Y: 10 - 90%,0,66.667,0,0,0,0,6.667,0,0,0,0,0,0,0,26.667
234_3_4_Yellow_Copy of P8150891.JPG,234,3,4,Yellow,Copy of P8150891.JPG,,Confirmed,X: 10 - 90% / Y: 10 - 90%,0,46.667,0,0,0,0,13.333,0,0,0,0,0,0,0,40
234_4_1_Yellow_Copy of P8150897.JPG,234,4,1,Yellow,Copy of P8150897.JPG,,Confirmed,X: 676 - 4000 pixels / Y: 300 - 2950 pixels,0,23.333,0,0,0,0,30,0,0,0,0,0,0,0,46.667
234_4_2_Yellow_Copy of P8150898.JPG,234,4,2,Yellow,Copy of P8150898.JPG,,Confirmed,X: 1 - 3995 pixels / Y: 796 - 2955 pixels,0,33.333,0,0,0,3.333,0,0,0,0,3.333,0,0,0,60
234_4_3_Yellow_Copy of P8150900.JPG,234,4,3,Yellow,Copy of P8150900.JPG,,Confirmed,X: 10 - 90% / Y: 10 - 90%,0,43.333,0,0,0,0,26.667,0,0,0,0,0,0,0,30
234_4_4_Yellow_Copy of P8150901.JPG,234,4,4,Yellow,Copy of P8150901.JPG,,Confirmed,X: 596 - 4000 pixels / Y: 26 - 2545 pixels,0,16.667,0,0,0,3.333,20,0,0,0,0,0,0,0,60
234_5_1_Yellow_Copy of P8150904.JPG,234,5,1,Yellow,Copy of P8150904.JPG,,Confirmed,X: 10 - 90% / Y: 10 - 90%,0,23.333,0,0,0,0,46.667,0,0,16.667,3.333,0,0,0,10
234_5_1_Yellow_Copy of P8150910.JPG,234,5,1,Yellow,Copy of P8150910.JPG,,Confirmed,X: 606 - 3945 pixels / Y: 646 - 2980 pixels,0,6.667,33.333,0,0,0,56.667,0,0,0,0,0,0,0,3.333
234_5_2_Yellow_Copy of P8150907.JPG,234,5,2,Yellow,Copy of P8150907.JPG,,Confirmed,X: 10 - 90% / Y: 10 - 90%,0,10,0,0,0,0,36.667,0,0,0,6.667,0,0,0,46.667
234_5_2_Yellow_Copy of P8150912.JPG,234,5,2,Yellow,Copy of P8150912.JPG,,Confirmed,X: 10 - 90% / Y: 10 - 90%,0,50,0,0,0,0,6.667,0,0,0,0,0,0,0,43.333
235_1_1_Green_Copy of P8130049.JPG,235,1,1,Green,Copy of P8130049.JPG,,Confirmed,X: 400 - 2970 pixels / Y: 1 - 2455 pixels,0,100,0,0,0,0,0,0,0,0,0,0,0,0,0
235_2_1_Green_Copy of P8130050.JPG,235,2,1,Green,Copy of P8130050.JPG,,Confirmed,X: 766 - 3105 pixels / Y: 226 - 2500 pixels,0,96.667,0,0,0,0,0,0,0,0,0,0,0,0,3.333
235_3_1_Green_Copy of P8130051.JPG,235,3,1,Green,Copy of P8130051.JPG,,Confirmed,X: 731 - 3035 pixels / Y: 526 - 2885 pixels,0,100,0,0,0,0,0,0,0,0,0,0,0,0,0
235_4_1_Green_Copy of P8130052.JPG,235,4,1,Green,Copy of P8130052.JPG,,Confirmed,X: 626 - 3080 pixels / Y: 300 - 2700 pixels,0,100,0,0,0,0,0,0,0,0,0,0,0,0,0
235_5_1_Green_Copy of P8130054.JPG,235,5,1,Green,Copy of P8130054.JPG,,Confirmed,X: 1191 - 3450 pixels / Y: 411 - 2700 pixels,0,96.667,0,0,0,0,0,0,0,0,0,0,0,0,3.333
236_1_1_Green_Copy of P8150253.JPG,236,1,1,Green,Copy of P8150253.JPG,,Confirmed,X: 836 - 4000 pixels / Y: 151 - 3000 pixels,0,26.667,33.333,0,0,3.333,3.333,0,0,0,0,3.333,0,0,30
236_2_1_Green_Copy of P8150255.JPG,236,2,1,Green,Copy of P8150255.JPG,,Confirmed,X: 10 - 90% / Y: 10 - 90%,0,40,10,0,0,0,3.333,3.333,0,0,0,6.667,0,3.333,33.333
236_3_1_Green_Copy of P8150256.JPG,236,3,1,Green,Copy of P8150256.JPG,,Confirmed,X: 10 - 90% / Y: 10 - 90%,0,60,0,0,0,0,26.667,0,0,0,0,0,0,0,13.333
236_4_1_Green_Copy of P8150260.JPG,236,4,1,Green,Copy of P8150260.JPG,,Confirmed,X: 626 - 4000 pixels / Y: 866 - 3000 pixels,0,36.667,0,0,0,20,0,0,0,0,0,3.333,0,0,40
236_4_2_Green_Copy of P8150261.JPG,236,4,2,Green,Copy of P8150261.JPG,,Confirmed,X: 10 - 90% / Y: 10 - 90%,0,36.667,0,0,0,0,0,0,0,0,0,0,0,0,63.333
236_4_3_Green_Copy of P8150262.JPG,236,4,3,Green,Copy of P8150262.JPG,,Confirmed,X: 1 - 2860 pixels / Y: 511 - 2970 pixels,0,36.667,0,0,0,0,26.667,0,0,0,0,0,0,0,36.667
236_5_1_Green_Copy of P8150263.JPG,236,5,1,Green,Copy of P8150263.JPG,,Confirmed,X: 756 - 3185 pixels / Y: 300 - 2820 pixels,0,73.333,0,0,0,0,0,0,0,0,0,3.333,0,0,23.333
237_1_1_Red_Copy of P8150419.JPG,237,1,1,Red,Copy of P8150419.JPG,,Confirmed,X: 951 - 4000 pixels / Y: 571 - 3000 pixels,0,86.667,0,0,3.333,0,0,0,0,0,0,0,0,0,10
237_1_2_Red_Copy of P8150420.JPG,237,1,2,Red,Copy of P8150420.JPG,,Confirmed,X: 1 - 3000 pixels / Y: 701 - 3000 pixels,0,76.667,0,0,3.333,0,0,0,0,0,0,0,0,0,20
237_1_3_Red_Copy of P8150421.JPG,237,1,3,Red,Copy of P8150421.JPG,,Confirmed,X: 1 - 3060 pixels / Y: 1 - 2370 pixels,0,73.333,0,0,0,0,0,0,0,0,0,0,0,0,26.667
237_1_4_Red_Copy of P8150422.JPG,237,1,4,Red,Copy of P8150422.JPG,,Confirmed,X: 631 - 3990 pixels / Y: 36 - 2515 pixels,0,80,0,0,0,0,3.333,0,0,0,0,0,0,0,16.667
237_2_1_Red_Copy of P8150424.JPG,237,2,1,Red,Copy of P8150424.JPG,,Confirmed,X: 400 - 4000 pixels / Y: 636 - 2970 pixels,0,53.333,0,0,20,0,0,0,0,0,0,0,0,0,26.667
237_2_2_Red_Copy of P8150425.JPG,237,2,2,Red,Copy of P8150425.JPG,,Confirmed,X: 26 - 2695 pixels / Y: 506 - 3000 pixels,0,40,0,0,46.667,0,0,0,0,0,0,0,0,0,13.333
237_2_3_Red_Copy of P8150426.JPG,237,2,3,Red,Copy of P8150426.JPG,,Confirmed,X: 1 - 2435 pixels / Y: 6 - 2540 pixels,0,50,0,0,3.333,0,0,0,0,0,0,0,0,0,46.667
237_2_4_Red_Copy of P8150427.JPG,237,2,4,Red,Copy of P8150427.JPG,,Confirmed,X: 10 - 90% / Y: 10 - 90%,0,60,3.333,0,10,0,3.333,0,0,0,0,0,0,0,23.333
237_3_1_Red_Copy of P8150428.JPG,237,3,1,Red,Copy of P8150428.JPG,,Confirmed,X: 556 - 3280 pixels / Y: 251 - 2880 pixels,0,76.667,0,0,23.333,0,0,0,0,0,0,0,0,0,0
237_4_1_Red_Copy of P8150429.JPG,237,4,1,Red,Copy of P8150429.JPG,,Confirmed,X: 456 - 3305 pixels / Y: 196 - 2970 pixels,0,56.667,0,0,20,0,23.333,0,0,0,0,0,0,0,0
237_5_1_Red_Copy of P8150430.JPG,237,5,1,Red,Copy of P8150430.JPG,,Confirmed,X: 756 - 3325 pixels / Y: 211 - 2700 pixels,0,60,0,0,30,0,0,0,3.333,0,0,0,0,0,6.667
240_1_1_Red_Copy of P8130105.JPG,240,1,1,Red,Copy of P8130105.JPG,,Confirmed,X: 1 - 4000 pixels / Y: 1081 - 2950 pixels,0,60,0,0,40,0,0,0,0,0,0,0,0,0,0
240_1_2_Red_Copy of P8130106.JPG,240,1,2,Red,Copy of P8130106.JPG,,Confirmed,X: 10 - 90% / Y: 10 - 90%,0,70,0,0,26.667,0,0,0,0,0,0,0,0,3.333,0
240_1_3_Red_Copy of P8130108.JPG,240,1,3,Red,Copy of P8130108.JPG,,Confirmed,X: 10 - 90% / Y: 10 - 90%,0,90,0,0,10,0,0,0,0,0,0,0,0,0,0
240_1_4_Red_Copy of P8130109.JPG,240,1,4,Red,Copy of P8130109.JPG,,Confirmed,X: 10 - 90% / Y: 10 - 90%,0,76.667,0,0,23.333,0,0,0,0,0,0,0,0,0,0
240_2_1_Red_Copy of P8130110.JPG,240,2,1,Red,Copy of P8130110.JPG,,Confirmed,X: 1 - 4000 pixels / Y: 1406 - 2975 pixels,0,76.667,0,0,23.333,0,0,0,0,0,0,0,0,0,0
240_2_2_Red_Copy of P8130111.JPG,240,2,2,Red,Copy of P8130111.JPG,,Confirmed,X: 10 - 90% / Y: 10 - 90%,0,70,0,0,26.667,0,0,0,0,0,0,3.333,0,0,0
240_2_3_Red_Copy of P8130113.JPG,240,2,3,Red,Copy of P8130113.JPG,,Confirmed,X: 10 - 90% / Y: 10 - 90%,0,20,0,0,80,0,0,0,0,0,0,0,0,0,0
240_2_4_Red_Copy of P8130114.JPG,240,2,4,Red,Copy of P8130114.JPG,,Confirmed,X: 10 - 90% / Y: 10 - 90%,0,70,0,0,30,0,0,0,0,0,0,0,0,0,0
240_3_1_Red_Copy of P8130115.JPG,240,3,1,Red,Copy of P8130115.JPG,,Confirmed,X: 1 - 4000 pixels / Y: 1451 - 3000 pixels,0,86.667,0,0,13.333,0,0,0,0,0,0,0,0,0,0
240_3_2_Red_Copy of P8130118.JPG,240,3,2,Red,Copy of P8130118.JPG,,Confirmed,X: 10 - 90% / Y: 10 - 90%,0,96.667,0,0,3.333,0,0,0,0,0,0,0,0,0,0
240_3_3_Red_Copy of P8130121.JPG,240,3,3,Red,Copy of P8130121.JPG,,Confirmed,X: 10 - 90% / Y: 10 - 90%,0,83.333,0,0,16.667,0,0,0,0,0,0,0,0,0,0
240_4_1_Red_Copy of P8130122.JPG,240,4,1,Red,Copy of P8130122.JPG,,Confirmed,X: 10 - 90% / Y: 10 - 90%,0,76.667,0,0,23.333,0,0,0,0,0,0,0,0,0,0
240_4_2_Red_Copy of P8130123.JPG,240,4,2,Red,Copy of P8130123.JPG,,Confirmed,X: 10 - 90% / Y: 10 - 90%,0,80,0,0,20,0,0,0,0,0,0,0,0,0,0
240_4_3_Red_Copy of P8130125.JPG,240,4,3,Red,Copy of P8130125.JPG,,Confirmed,X: 10 - 90% / Y: 10 - 90%,0,80,3.333,0,16.667,0,0,0,0,0,0,0,0,0,0
240_5_1_Red_Copy of P8130127.JPG,240,5,1,Red,Copy of P8130127.JPG,,Confirmed,X: 400 - 3900 pixels / Y: 736 - 2915 pixels,0,96.667,0,0,3.333,0,0,0,0,0,0,0,0,0,0
240_5_2_Red_Copy of P8130130.JPG,240,5,2,Red,Copy of P8130130.JPG,,Confirmed,X: 10 - 90% / Y: 10 - 90%,0,76.667,0,0,23.333,0,0,0,0,0,0,0,0,0,0
240_5_3_Red_Copy of P8130131.JPG,240,5,3,Red,Copy of P8130131.JPG,,Confirmed,X: 10 - 90% / Y: 10 - 90%,0,60,0,0,40,0,0,0,0,0,0,0,0,0,0
241_1_1_Red_Copy of P8150359.JPG,241,1,1,Red,Copy of P8150359.JPG,,Confirmed,X: 876 - 2945 pixels / Y: 300 - 2420 pixels,0,66.667,0,0,33.333,0,0,0,0,0,0,0,0,0,0
241_2_1_Red_Copy of P8150360.JPG,241,2,1,Red,Copy of P8150360.JPG,,Confirmed,X: 891 - 2640 pixels / Y: 300 - 2430 pixels,0,66.667,0,0,33.333,0,0,0,0,0,0,0,0,0,0
241_3_1_Red_Copy of P8150361.JPG,241,3,1,Red,Copy of P8150361.JPG,,Confirmed,X: 711 - 2920 pixels / Y: 491 - 2540 pixels,0,73.333,0,0,23.333,0,0,0,0,0,0,0,0,0,3.333
241_4_1_Red_Copy of P8150363.JPG,241,4,1,Red,Copy of P8150363.JPG,,Confirmed,X: 731 - 2980 pixels / Y: 300 - 2700 pixels,0,60,0,0,40,0,0,0,0,0,0,0,0,0,0
241_5_1_Red_Copy of P8150364.JPG,241,5,1,Red,Copy of P8150364.JPG,,Confirmed,X: 921 - 3000 pixels / Y: 486 - 2480 pixels,0,56.667,0,0,16.667,0,0,0,0,0,0,6.667,0,0,20
242_1_1_Green_Copy of P8150205.JPG,242,1,1,Green,Copy of P8150205.JPG,,Confirmed,X: 10 - 90% / Y: 10 - 90%,0,93.333,0,0,0,0,0,0,0,0,0,0,0,0,6.667
242_2_1_Green_Copy of P8150207.JPG,242,2,1,Green,Copy of P8150207.JPG,,Confirmed,X: 1 - 4000 pixels / Y: 991 - 3000 pixels,0,86.667,0,0,0,0,0,0,0,0,0,0,0,0,13.333
242_3_1_Green_Copy of P8150209.JPG,242,3,1,Green,Copy of P8150209.JPG,,Confirmed,X: 10 - 90% / Y: 10 - 90%,0,86.667,0,0,0,0,0,0,0,0,0,0,0,0,13.333
242_4_1_Green_Copy of P8150212.JPG,242,4,1,Green,Copy of P8150212.JPG,,Confirmed,X: 10 - 90% / Y: 10 - 90%,0,83.333,0,0,0,0,0,0,0,0,0,0,0,0,16.667
242_5_1_Green_Copy of P8150214.JPG,242,5,1,Green,Copy of P8150214.JPG,,Confirmed,X: 1 - 4000 pixels / Y: 641 - 3000 pixels,0,73.333,0,0,0,0,0,0,0,0,0,0,3.333,0,23.333
243_1_1_Red_Copy of P8130060.JPG,243,1,1,Red,Copy of P8130060.JPG,,Confirmed,X: 1051 - 3210 pixels / Y: 300 - 2530 pixels,0,3.333,0,0,46.667,0,0,0,0,0,0,20,0,0,30
243_1_1_red_Copy of P8130061.JPG,243,1,1,Red,Copy of P8130061.JPG,,Confirmed,X: 771 - 3175 pixels / Y: 300 - 2700 pixels,0,0,0,0,20,0,0,0,0,0,10,6.667,0,0,63.333
243_3_1_Red_Copy of P8130062.JPG,243,3,1,Red,Copy of P8130062.JPG,,Confirmed,X: 891 - 2925 pixels / Y: 816 - 2920 pixels,0,0,0,0,13.333,0,0,0,3.333,0,0,26.667,0,0,56.667
243_3_1_Red_Copy of P8130063.JPG,243,3,1,Red,Copy of P8130063.JPG,,Confirmed,X: 1121 - 3300 pixels / Y: 456 - 2575 pixels,0,0,0,0,13.333,0,0,0,0,0,0,33.333,0,0,53.333
243_4_1_Red_Copy of P8130064.JPG,243,4,1,Red,Copy of P8130064.JPG,,Confirmed,X: 946 - 3175 pixels / Y: 416 - 2700 pixels,0,0,0,0,10,0,0,0,0,0,0,36.667,0,0,53.333
243_5_1_Red_Copy of P8130065.JPG,243,5,1,Red,Copy of P8130065.JPG,,Confirmed,X: 1156 - 3025 pixels / Y: 891 - 2830 pixels,0,20,0,0,23.333,0,0,0,0,0,0,3.333,0,0,53.333
244_1_1_Red_Copy of P8130150.JPG,244,1,1,Red,Copy of P8130150.JPG,,Confirmed,X: 836 - 3055 pixels / Y: 431 - 2700 pixels,0,6.667,0,0,0,0,0,0,0,0,0,0,0,0,93.333
244_2_1_Red_Copy of P8130151.JPG,244,2,1,Red,Copy of P8130151.JPG,,Confirmed,X: 1026 - 3195 pixels / Y: 166 - 2445 pixels,0,23.333,0,0,30,0,0,0,3.333,0,0,13.333,0,6.667,23.333
244_3_1_Red_Copy of P8130152.JPG,244,3,1,Red,Copy of P8130152.JPG,,Confirmed,X: 711 - 3125 pixels / Y: 491 - 2860 pixels,3.333,70,0,0,6.667,0,0,0,0,0,0,0,0,0,20
244_4_1_Red_Copy of P8130155.JPG,244,4,1,Red,Copy of P8130155.JPG,,Confirmed,X: 936 - 3200 pixels / Y: 300 - 2575 pixels,0,43.333,0,0,6.667,0,0,0,0,0,0,0,0,0,50
244_5_1_Red_Copy of P8130161.JPG,244,5,1,Red,Copy of P8130161.JPG,,Confirmed,X: 331 - 2900 pixels / Y: 300 - 2915 pixels,0,0,16.667,0,20,0,0,0,0,0,0,6.667,0,0,56.667
245_1_1_Red_Copy of P8120016.JPG,245,1,1,Red,Copy of P8120016.JPG,,Confirmed,X: 671 - 3225 pixels / Y: 1 - 2470 pixels,0,23.333,0,0,0,0,0,50,0,0,0,0,0,0,26.667
245_2_1_Red_Copy of P8120020.JPG,245,2,1,Red,Copy of P8120020.JPG,,Confirmed,X: 616 - 3130 pixels / Y: 141 - 2700 pixels,0,36.667,0,0,3.333,3.333,0,56.667,0,0,0,0,0,0,0
245_3_1_Red_Copy of P8120021.JPG,245,3,1,Red,Copy of P8120021.JPG,,Confirmed,X: 836 - 3110 pixels / Y: 136 - 2865 pixels,0,3.333,30,0,0,0,0,30,0,0,0,0,0,0,36.667
245_3_1_Yellow_Copy of P8150683.JPG,245,3,1,Red,Copy of P8150683.JPG,,Confirmed,X: 10 - 90% / Y: 10 - 90%,0,0,0,0,3.333,0,76.667,0,0,0,0,20,0,0,0
245_4_1_Red_Copy of P8120022.JPG,245,4,1,Red,Copy of P8120022.JPG,,Confirmed,X: 1051 - 2830 pixels / Y: 676 - 2360 pixels,0,76.667,0,0,6.667,0,0,3.333,0,0,0,0,0,0,13.333
245_5_1_Red_Copy of P8120023.JPG,245,5,1,Red,Copy of P8120023.JPG,,Confirmed,X: 1066 - 2760 pixels / Y: 591 - 2410 pixels,0,0,76.667,0,23.333,0,0,0,0,0,0,0,0,0,0
246_1_1_Yellow_Copy of P8150722.JPG,246,1,1,Yellow,Copy of P8150722.JPG,,Confirmed,X: 1121 - 3600 pixels / Y: 511 - 2780 pixels,0,70,0,0,26.667,0,0,0,0,0,0,0,0,0,3.333
246_2_1_Yellow_Copy of P8150674.JPG,246,2,1,Yellow,Copy of P8150674.JPG,,Confirmed,X: 796 - 3600 pixels / Y: 300 - 2795 pixels,6.667,60,0,0,26.667,0,0,0,0,6.667,0,0,0,0,0
246_3_2_Yellow_Copy of P8150693.JPG,246,3,2,Yellow,Copy of P8150693.JPG,,Confirmed,X: 10 - 90% / Y: 10 - 90%,0,0,3.333,0,0,0,36.667,0,0,0,0,16.667,0,0,43.333
246_3_3_Yellow_Copy of P8150695.JPG,246,3,3,Yellow,Copy of P8150695.JPG,,Confirmed,X: 41 - 3925 pixels / Y: 66 - 2430 pixels,0,0,3.333,0,10,3.333,33.333,0,0,0,0,3.333,0,0,46.667
246_3_4_Yellow_Copy of P8150698.JPG,246,3,4,Yellow,Copy of P8150698.JPG,,Confirmed,X: 10 - 90% / Y: 10 - 90%,0,0,23.333,0,0,0,10,0,0,0,0,20,0,3.333,43.333
246_4_1_Yellow_Copy of P8150700.JPG,246,4,1,Yellow,Copy of P8150700.JPG,,Confirmed,X: 546 - 3975 pixels / Y: 436 - 2970 pixels,0,0,0,0,0,16.667,43.333,0,0,26.667,0,0,0,10,3.333
246_4_2_Yellow_Copy of P8150707.JPG,246,4,2,Yellow,Copy of P8150707.JPG,,Confirmed,X: 10 - 90% / Y: 10 - 90%,0,0,3.333,0,0,30,0,0,0,3.333,0,13.333,0,0,50
246_4_3_Yellow_Copy of P8150710.JPG,246,4,3,Yellow,Copy of P8150710.JPG,,Confirmed,X: 10 - 90% / Y: 10 - 90%,0,0,30,0,0,3.333,3.333,0,0,0,0,0,0,0,63.333
246_4_4_Yellow_Copy of P8150713.JPG,246,4,4,Yellow,Copy of P8150713.JPG,,Confirmed,X: 741 - 3980 pixels / Y: 41 - 3000 pixels,0,0,0,0,0,3.333,6.667,0,0,0,0,10,0,0,80
246_5_1_Yellow_Copy of P8150716.JPG,246,5,1,Yellow,Copy of P8150716.JPG,,Confirmed,X: 966 - 3600 pixels / Y: 136 - 2700 pixels,0,46.667,6.667,0,40,0,0,0,0,0,0,3.333,0,0,3.333
248_1_1_Red_Copy of P8140200.JPG,248,1,1,Red,Copy of P8140200.JPG,,Confirmed,X: 881 - 3465 pixels / Y: 156 - 2770 pixels,0,63.333,0,0,26.667,0,0,0,0,6.667,0,0,0,0,3.333
248_2_1_Red_Copy of P8140201.JPG,248,2,1,Red,Copy of P8140201.JPG,,Confirmed,X: 726 - 3205 pixels / Y: 236 - 2700 pixels,0,100,0,0,0,0,0,0,0,0,0,0,0,0,0
248_3_1_Red_Copy of P8140202.JPG,248,3,1,Red,Copy of P8140202.JPG,,Confirmed,X: 816 - 3110 pixels / Y: 376 - 2700 pixels,0,90,0,0,3.333,0,0,0,0,3.333,0,3.333,0,0,0
248_4_1_Red_Copy of P8140204.JPG,248,4,1,Red,Copy of P8140204.JPG,,Confirmed,X: 686 - 3300 pixels / Y: 186 - 2855 pixels,0,43.333,0,0,13.333,0,16.667,0,0,26.667,0,0,0,0,0
248_5_1_Red_Copy of P8140205.JPG,248,5,1,Red,Copy of P8140205.JPG,,Confirmed,X: 66 - 3995 pixels / Y: 1301 - 2980 pixels,0,6.667,0,0,46.667,20,0,0,0,26.667,0,0,0,0,0
248_5_2_Red_Copy of P8140206.JPG,248,5,2,Red,Copy of P8140206.JPG,,Confirmed,X: 611 - 3990 pixels / Y: 606 - 2985 pixels,0,13.333,0,0,36.667,6.667,0,0,0,43.333,0,0,0,0,0
248_5_3_Red_Copy of P8140207.JPG,248,5,3,Red,Copy of P8140207.JPG,,Confirmed,X: 1 - 3210 pixels / Y: 556 - 2970 pixels,0,50,0,0,23.333,6.667,0,0,0,20,0,0,0,0,0
248_5_4_Red_Copy of P8140208.JPG,248,5,4,Red,Copy of P8140208.JPG,,Confirmed,X: 1 - 2800 pixels / Y: 16 - 2615 pixels,0,43.333,0,0,26.667,0,0,0,0,30,0,0,0,0,0
248_5_5_Red_Copy of P8140209.JPG,248,5,5,Red,Copy of P8140209.JPG,,Confirmed,X: 10 - 90% / Y: 10 - 90%,0,76.667,0,0,0,0,0,0,0,23.333,0,0,0,0,0
249_1_1_Yellow_Copy of P8130143.JPG,249,1,1,Yellow,Copy of P8130143.JPG,,Confirmed,X: 636 - 3155 pixels / Y: 211 - 2715 pixels,0,66.667,23.333,0,0,0,0,0,0,6.667,0,0,0,0,3.333
249_2_1_Yellow_Copy of P8130135.JPG,249,2,1,Yellow,Copy of P8130135.JPG,,Confirmed,X: 400 - 2885 pixels / Y: 636 - 2970 pixels,0,50,20,0,3.333,0,3.333,0,0,23.333,0,0,0,0,0
249_3_3_Yellow_Copy of P8130136.JPG,249,3,3,Yellow,Copy of P8130136.JPG,,Confirmed,X: 561 - 3210 pixels / Y: 411 - 2935 pixels,0,63.333,26.667,0,0,0,0,0,0,10,0,0,0,0,0
249_4_1_Yellow_Copy of P8130139.JPG,249,4,1,Yellow,Copy of P8130139.JPG,,Confirmed,X: 516 - 2995 pixels / Y: 300 - 2820 pixels,0,70,6.667,0,0,0,0,0,0,23.333,0,0,0,0,0
249_5_1_Yellow_Copy of P8130141.JPG,249,5,1,Yellow,Copy of P8130141.JPG,,Confirmed,X: 776 - 3090 pixels / Y: 426 - 2755 pixels,0,60,10,0,16.667,0,0,0,0,13.333,0,0,0,0,0
250_1_1_Yellow_Copy of P8150812.JPG,250,1,1,Yellow,Copy of P8150812.JPG,,Confirmed,X: 10 - 90% / Y: 10 - 90%,0,86.667,0,0,0,0,0,0,0,13.333,0,0,0,0,0
250_1_2_Yellow_Copy of P8150823.JPG,250,1,2,Yellow,Copy of P8150823.JPG,,Confirmed,X: 10 - 90% / Y: 10 - 90%,0,93.333,0,0,0,0,0,0,0,6.667,0,0,0,0,0
250_1_3_Yellow_Copy of P8150827.JPG,250,1,3,Yellow,Copy of P8150827.JPG,,Confirmed,X: 1 - 3600 pixels / Y: 16 - 2405 pixels,0,93.333,0,0,0,0,0,0,0,6.667,0,0,0,0,0
250_1_4_Yellow_Copy of P8150832.JPG,250,1,4,Yellow,Copy of P8150832.JPG,,Confirmed,X: 10 - 90% / Y: 10 - 90%,0,80,0,0,3.333,0,0,0,0,16.667,0,0,0,0,0
250_2_1_Yellow_Copy of P8150742.JPG,250,2,1,Yellow,Copy of P8150742.JPG,,Confirmed,X: 10 - 90% / Y: 10 - 90%,0,83.333,0,0,0,0,0,0,0,16.667,0,0,0,0,0
250_2_2_Yellow_Copy of P8150745.JPG,250,2,2,Yellow,Copy of P8150745.JPG,,Confirmed,X: 10 - 90% / Y: 10 - 90%,0,90,0,0,6.667,0,0,0,3.333,0,0,0,0,0,0
250_2_3_Yellow_Copy of P8150748.JPG,250,2,3,Yellow,Copy of P8150748.JPG,,Confirmed,X: 10 - 90% / Y: 10 - 90%,0,83.333,0,0,0,0,0,0,0,16.667,0,0,0,0,0
250_2_4_Yellow_Copy of P8150749.JPG,250,2,4,Yellow,Copy of P8150749.JPG,,Confirmed,X: 400 - 4000 pixels / Y: 41 - 2460 pixels,0,76.667,0,0,3.333,0,0,0,3.333,16.667,0,0,0,0,0
250_3_1_Yellow_Copy of P8150756.JPG,250,3,1,Yellow,Copy of P8150756.JPG,,Confirmed,X: 676 - 4000 pixels / Y: 496 - 2945 pixels,0,70,0,0,3.333,0,0,0,0,26.667,0,0,0,0,0
250_3_2_Yellow_Copy of P8150762.JPG,250,3,2,Yellow,Copy of P8150762.JPG,,Confirmed,X: 10 - 90% / Y: 10 - 90%,13.333,50,0,0,16.667,0,3.333,0,0,13.333,0,0,0,0,3.333
250_3_3_Yellow_Copy of P8150763.JPG,250,3,3,Yellow,Copy of P8150763.JPG,,Confirmed,X: 10 - 90% / Y: 10 - 90%,0,76.667,0,0,10,0,0,0,3.333,10,0,0,0,0,0
250_3_4_Yellow_Copy of P8150768.JPG,250,3,4,Yellow,Copy of P8150768.JPG,,Confirmed,X: 10 - 90% / Y: 10 - 90%,0,83.333,0,0,3.333,0,0,0,0,13.333,0,0,0,0,0
250_4_1_Yellow_Copy of P8150777.JPG,250,4,1,Yellow,Copy of P8150777.JPG,,Confirmed,X: 10 - 90% / Y: 10 - 90%,0,73.333,3.333,0,6.667,0,0,0,0,16.667,0,0,0,0,0
250_4_2_Yellow_Copy of P8150786.JPG,250,4,2,Yellow,Copy of P8150786.JPG,,Confirmed,X: 10 - 90% / Y: 10 - 90%,0,86.667,0,0,0,0,0,0,0,13.333,0,0,0,0,0
250_4_3_Yellow_Copy of P8150788.JPG,250,4,3,Yellow,Copy of P8150788.JPG,,Confirmed,X: 400 - 3960 pixels / Y: 1 - 2385 pixels,0,76.667,0,0,13.333,0,0,0,0,10,0,0,0,0,0
250_5_1_Yellow_Copy of P8150795.JPG,250,5,1,Yellow,Copy of P8150795.JPG,,Confirmed,X: 10 - 90% / Y: 10 - 90%,0,86.667,0,0,3.333,0,0,0,0,10,0,0,0,0,0
250_5_2_Yellow_Copy of P8150802.JPG,250,5,2,Yellow,Copy of P8150802.JPG,,Confirmed,X: 10 - 90% / Y: 10 - 90%,0,66.667,0,0,3.333,0,0,0,3.333,26.667,0,0,0,0,0
250_5_3_Yellow_Copy of P8150803.JPG,250,5,3,Yellow,Copy of P8150803.JPG,,Confirmed,X: 10 - 90% / Y: 10 - 90%,0,70,0,0,10,0,0,0,0,20,0,0,0,0,0
250_5_4_Yellow_Copy of P8150806.JPG,250,5,4,Yellow,Copy of P8150806.JPG,,Confirmed,X: 646 - 4000 pixels / Y: 6 - 2905 pixels,0,70,0,0,3.333,0,0,0,0,26.667,0,0,0,0,0
251_1_1_Green_Copy of P8140140.JPG,251,1,1,Green,Copy of P8140140.JPG,,Confirmed,X: 10 - 90% / Y: 10 - 90%,0,100,0,0,0,0,0,0,0,0,0,0,0,0,0
251_2_1_Green_Copy of P8140142.JPG,251,2,1,Green,Copy of P8140142.JPG,,Confirmed,X: 10 - 90% / Y: 10 - 90%,0,100,0,0,0,0,0,0,0,0,0,0,0,0,0
251_3_1_Green_Copy of P8140143.JPG,251,3,1,Green,Copy of P8140143.JPG,,Confirmed,X: 10 - 90% / Y: 10 - 90%,0,100,0,0,0,0,0,0,0,0,0,0,0,0,0
251_4_1_Green_Copy of P8140145.JPG,251,4,1,Green,Copy of P8140145.JPG,,Confirmed,X: 10 - 90% / Y: 10 - 90%,0,100,0,0,0,0,0,0,0,0,0,0,0,0,0
251_5_1_Green_Copy of P8140147.JPG,251,5,1,Green,Copy of P8140147.JPG,,Confirmed,X: 10 - 90% / Y: 10 - 90%,0,100,0,0,0,0,0,0,0,0,0,0,0,0,0
252_1_1_Red_Copy of P8140181.JPG,252,1,1,Red,Copy of P8140181.JPG,,Confirmed,X: 1036 - 2910 pixels / Y: 426 - 2280 pixels,0,36.667,0,0,26.667,0,0,0,0,23.333,0,13.333,0,0,0
252_2_1_Red_Copy of P8140182.JPG,252,2,1,Red,Copy of P8140182.JPG,,Confirmed,X: 1026 - 2910 pixels / Y: 541 - 2525 pixels,0,16.667,0,0,16.667,0,0,0,0,50,0,16.667,0,0,0
252_3_1_Red_Copy of P8140184.JPG,252,3,1,Red,Copy of P8140184.JPG,,Confirmed,X: 701 - 2505 pixels / Y: 596 - 2325 pixels,0,36.667,0,0,30,0,0,0,0,33.333,0,0,0,0,0
252_4_1_Red_Copy of P8140187.JPG,252,4,1,Red,Copy of P8140187.JPG,,Confirmed,X: 921 - 2800 pixels / Y: 406 - 2235 pixels,0,53.333,0,0,6.667,0,0,0,0,23.333,0,16.667,0,0,0
252_5_1_Red_Copy of P8140188.JPG,252,5,1,Red,Copy of P8140188.JPG,,Confirmed,X: 1176 - 3095 pixels / Y: 491 - 2350 pixels,0,23.333,0,0,40,0,0,0,0,33.333,0,3.333,0,0,0
253_1_1_Red_Copy of P8150393.JPG,253,1,1,Red,Copy of P8150393.JPG,,Confirmed,X: 951 - 3985 pixels / Y: 366 - 2960 pixels,0,36.667,0,0,30,0,0,0,0,33.333,0,0,0,0,0
253_1_2_Red_Copy of P8150394.JPG,253,1,2,Red,Copy of P8150394.JPG,,Confirmed,X: 10 - 90% / Y: 10 - 90%,0,60,3.333,0,26.667,0,0,0,0,3.333,6.667,0,0,0,0
253_1_3_Red_Copy of P8150395.JPG,253,1,3,Red,Copy of P8150395.JPG,,Confirmed,X: 10 - 90% / Y: 10 - 90%,0,66.667,0,0,20,0,0,0,0,6.667,6.667,0,0,0,0
253_1_4_Red_Copy of P8150396.JPG,253,1,4,Red,Copy of P8150396.JPG,,Confirmed,X: 871 - 3995 pixels / Y: 21 - 2505 pixels,0,56.667,0,0,43.333,0,0,0,0,0,0,0,0,0,0
253_2_1_Red_Copy of P8150398.JPG,253,2,1,Red,Copy of P8150398.JPG,,Confirmed,X: 10 - 90% / Y: 10 - 90%,0,70,0,0,10,0,0,0,0,16.667,0,3.333,0,0,0
253_2_2_Red_Copy of P8150399.JPG,253,2,2,Red,Copy of P8150399.JPG,,Confirmed,X: 1 - 2755 pixels / Y: 300 - 2970 pixels,0,53.333,0,0,6.667,0,0,0,0,40,0,0,0,0,0
253_2_3_Red_Copy of P8150400.JPG,253,2,3,Red,Copy of P8150400.JPG,,Confirmed,X: 1 - 2790 pixels / Y: 11 - 2630 pixels,0,53.333,20,0,16.667,0,0,0,0,10,0,0,0,0,0
253_2_4_Red_Copy of P8150401.JPG,253,2,4,Red,Copy of P8150401.JPG,,Confirmed,X: 400 - 3985 pixels / Y: 46 - 2295 pixels,0,0,40,0,10,0,0,0,0,13.333,0,0,0,0,36.667
253_3_1_Red_Copy of P8150403.JPG,253,3,1,Red,Copy of P8150403.JPG,,Confirmed,X: 10 - 90% / Y: 10 - 90%,0,76.667,0,0,6.667,0,0,0,0,16.667,0,0,0,0,0
253_3_2_Red_Copy of P8150404.JPG,253,3,2,Red,Copy of P8150404.JPG,,Confirmed,X: 6 - 2935 pixels / Y: 396 - 3000 pixels,0,50,0,0,6.667,0,0,0,0,43.333,0,0,0,0,0
253_3_3_Red_Copy of P8150405.JPG,253,3,3,Red,Copy of P8150405.JPG,,Confirmed,X: 31 - 3120 pixels / Y: 21 - 2795 pixels,0,70,0,0,6.667,0,0,0,0,23.333,0,0,0,0,0
253_3_4_Red_Copy of P8150406.JPG,253,3,4,Red,Copy of P8150406.JPG,,Confirmed,X: 10 - 90% / Y: 10 - 90%,0,63.333,0,0,3.333,0,0,0,0,33.333,0,0,0,0,0
253_4_1_Red_Copy of P8150408.JPG,253,4,1,Red,Copy of P8150408.JPG,,Confirmed,X: 10 - 90% / Y: 10 - 90%,0,86.667,0,0,3.333,0,0,0,0,10,0,0,0,0,0
253_4_2_Red_Copy of P8150409.JPG,253,4,2,Red,Copy of P8150409.JPG,,Confirmed,X: 1 - 2790 pixels / Y: 571 - 3000 pixels,0,53.333,0,0,10,0,0,0,0,36.667,0,0,0,0,0
253_4_3_Red_Copy of P8150410.JPG,253,4,3,Red,Copy of P8150410.JPG,,Confirmed,X: 26 - 3105 pixels / Y: 36 - 2835 pixels,0,70,0,0,6.667,0,0,0,0,23.333,0,0,0,0,0
253_4_4_Red_Copy of P8150411.JPG,253,4,4,Red,Copy of P8150411.JPG,,Confirmed,X: 10 - 90% / Y: 10 - 90%,0,80,0,0,6.667,0,0,0,0,13.333,0,0,0,0,0
253_5_1_Red_Copy of P8150413.JPG,253,5,1,Red,Copy of P8150413.JPG,,Confirmed,X: 311 - 3960 pixels / Y: 611 - 2985 pixels,0,60,0,0,6.667,0,0,0,0,33.333,0,0,0,0,0
253_5_2_Red_Copy of P8150414.JPG,253,5,2,Red,Copy of P8150414.JPG,,Confirmed,X: 1 - 3180 pixels / Y: 466 - 2995 pixels,0,46.667,0,0,0,0,0,0,0,36.667,16.667,0,0,0,0
253_5_3_Red_Copy of P8150415.JPG,253,5,3,Red,Copy of P8150415.JPG,,Confirmed,X: 6 - 2990 pixels / Y: 1 - 2700 pixels,0,43.333,0,0,0,0,0,0,0,56.667,0,0,0,0,0
253_5_4_Red_Copy of P8150416.JPG,253,5,4,Red,Copy of P8150416.JPG,,Confirmed,X: 400 - 3985 pixels / Y: 6 - 2480 pixels,0,56.667,0,0,3.333,0,0,0,0,40,0,0,0,0,0
254_1_1_Green_Copy of P8150269.JPG,254,1,1,Green,Copy of P8150269.JPG,,Confirmed,X: 986 - 3600 pixels / Y: 206 - 2700 pixels,0,0,60,0,23.333,0,0,0,0,6.667,0,3.333,0,0,6.667
254_2_1_Green_Copy of P8150271.JPG,254,2,1,Green,Copy of P8150271.JPG,,Confirmed,X: 10 - 90% / Y: 10 - 90%,0,0,30,0,36.667,0,0,0,0,33.333,0,0,0,0,0
254_3_1_Green_Copy of P8150273.JPG,254,3,1,Green,Copy of P8150273.JPG,,Confirmed,X: 836 - 3285 pixels / Y: 300 - 2835 pixels,0,0,40,0,30,0,0,0,0,10,0,3.333,0,0,16.667
254_4_1_Green_Copy of P8150274.JPG,254,4,1,Green,Copy of P8150274.JPG,,Confirmed,X: 901 - 3470 pixels / Y: 300 - 2865 pixels,0,3.333,36.667,0,43.333,0,0,0,0,0,0,13.333,0,0,3.333
254_5_1_Green_Copy of P8150276.JPG,254,5,1,Green,Copy of P8150276.JPG,,Confirmed,X: 886 - 3430 pixels / Y: 176 - 2700 pixels,0,33.333,10,0,43.333,0,0,0,3.333,6.667,0,0,0,0,3.333
255_2_2_Green_Copy of P8140131.JPG,255,2,2,Green,Copy of P8140131.JPG,,Confirmed,X: 10 - 90% / Y: 10 - 90%,0,93.333,0,0,0,0,0,0,0,0,0,0,0,0,6.667
255_3_1_Green_Copy of P8140132.JPG,255,3,1,Green,Copy of P8140132.JPG,,Confirmed,X: 481 - 3435 pixels / Y: 221 - 2960 pixels,0,73.333,0,0,0,0,0,0,0,0,0,0,0,0,26.667
255_4_1_Green_Copy of P8140133.JPG,255,4,1,Green,Copy of P8140133.JPG,,Confirmed,X: 400 - 3700 pixels / Y: 531 - 2960 pixels,0,70,0,0,0,0,0,0,0,0,0,0,0,0,30
255_5_1_Green_Copy of P8140136.JPG,255,5,1,Green,Copy of P8140136.JPG,,Confirmed,X: 10 - 90% / Y: 10 - 90%,0,73.333,0,0,16.667,0,0,0,0,0,0,0,0,0,10
256_1_1_Red_Copy of P8130138.JPG,256,1,1,Red,Copy of P8130138.JPG,,Confirmed,X: 10 - 90% / Y: 10 - 90%,0,16.667,10,0,0,0,26.667,0,3.333,16.667,0,0,0,6.667,20
256_2_1_Red_Copy of P8130140.JPG,256,2,1,Red,Copy of P8130140.JPG,,Confirmed,X: 896 - 3600 pixels / Y: 196 - 2925 pixels,0,0,33.333,0,0,0,0,0,0,66.667,0,0,0,0,0
256_3_1_Red_Copy of P8130142.JPG,256,3,1,Red,Copy of P8130142.JPG,,Confirmed,X: 346 - 3175 pixels / Y: 246 - 2960 pixels,0,0,13.333,0,3.333,0,0,0,3.333,6.667,33.333,0,0,33.333,6.667
256_4_1_Red_Copy of P8130143.JPG,256,4,1,Red,Copy of P8130143.JPG,,Confirmed,X: 886 - 3040 pixels / Y: 376 - 2540 pixels,0,0,3.333,0,13.333,0,0,0,0,0,0,0,0,36.667,46.667
256_5_1_Red_Copy of P8130144.JPG,256,5,1,Red,Copy of P8130144.JPG,,Confirmed,X: 1331 - 3310 pixels / Y: 401 - 2410 pixels,0,6.667,10,0,40,0,0,0,3.333,10,10,0,0,16.667,3.333
257_1_1_Red_Copy of P8150368.JPG,257,1,1,Red,Copy of P8150368.JPG,,Confirmed,X: 10 - 90% / Y: 10 - 90%,0,0,0,0,3.333,0,0,0,3.333,86.667,6.667,0,0,0,0
257_1_2_Red_Copy of P8150369.JPG,257,1,2,Red,Copy of P8150369.JPG,,Confirmed,X: 1 - 2910 pixels / Y: 341 - 2970 pixels,0,0,0,0,0,0,0,0,0,96.667,0,3.333,0,0,0
257_1_3_Red_Copy of P8150370.JPG,257,1,3,Red,Copy of P8150370.JPG,,Confirmed,X: 16 - 2665 pixels / Y: 31 - 2475 pixels,0,0,0,0,0,0,0,0,0,76.667,0,23.333,0,0,0
257_1_4_Red_Copy of P8150371.JPG,257,1,4,Red,Copy of P8150371.JPG,,Confirmed,X: 10 - 90% / Y: 10 - 90%,0,0,20,0,0,0,40,0,0,26.667,3.333,10,0,0,0
257_2_1_Red_Copy of P8150374.JPG,257,2,1,Red,Copy of P8150374.JPG,,Confirmed,X: 10 - 90% / Y: 10 - 90%,0,0,0,0,6.667,0,3.333,0,6.667,76.667,0,6.667,0,0,0
257_3_1_Red_Copy of P8150377.JPG,257,3,1,Red,Copy of P8150377.JPG,,Confirmed,X: 10 - 90% / Y: 10 - 90%,0,0,3.333,0,6.667,0,0,0,3.333,80,0,6.667,0,0,0
257_4_1_Red_Copy of P8150379.JPG,257,4,1,Red,Copy of P8150379.JPG,,Confirmed,X: 10 - 90% / Y: 10 - 90%,0,0,20,0,0,0,10,0,3.333,10,0,3.333,0,0,53.333
257_5_1_Red_Copy of P8150380.JPG,257,5,1,Red,Copy of P8150380.JPG,,Confirmed,X: 641 - 3500 pixels / Y: 61 - 2735 pixels,0,0,0,0,0,0,0,0,0,100,0,0,0,0,0
259_1_1_Red_Copy of P8140281.JPG,259,1,1,Red,Copy of P8140281.JPG,,Confirmed,X: 10 - 90% / Y: 10 - 90%,0,100,0,0,0,0,0,0,0,0,0,0,0,0,0
259_2_1_Red_Copy of P8140283.JPG,259,2,1,Red,Copy of P8140283.JPG,,Confirmed,X: 10 - 90% / Y: 10 - 90%,0,50,0,0,13.333,0,0,0,0,36.667,0,0,0,0,0
259_2_2_Red_Copy of P8140284.JPG,259,2,2,Red,Copy of P8140284.JPG,,Confirmed,X: 1 - 3270 pixels / Y: 406 - 2985 pixels,0,0,73.333,0,0,0,0,0,0,26.667,0,0,0,0,0
259_2_3_Red_Copy of P8140285.JPG,259,2,3,Red,Copy of P8140285.JPG,,Confirmed,X: 36 - 2975 pixels / Y: 36 - 2845 pixels,0,0,66.667,0,0,0,0,0,0,33.333,0,0,0,0,0
259_2_4_Red_Copy of P8140286.JPG,259,2,4,Red,Copy of P8140286.JPG,,Confirmed,X: 10 - 90% / Y: 10 - 90%,0,0,66.667,0,0,0,0,0,0,33.333,0,0,0,0,0
259_3_1_Red_Copy of P8140288.JPG,259,3,1,Red,Copy of P8140288.JPG,,Confirmed,X: 746 - 4000 pixels / Y: 661 - 2960 pixels,0,86.667,0,0,0,0,0,0,0,13.333,0,0,0,0,0
259_3_2_Red_Copy of P8140289.JPG,259,3,2,Red,Copy of P8140289.JPG,,Confirmed,X: 1 - 2995 pixels / Y: 646 - 2925 pixels,0,83.333,0,0,3.333,0,0,0,0,13.333,0,0,0,0,0
259_3_3_Red_Copy of P8140290.JPG,259,3,3,Red,Copy of P8140290.JPG,,Confirmed,X: 26 - 3105 pixels / Y: 31 - 2700 pixels,0,73.333,3.333,0,0,0,0,0,0,23.333,0,0,0,0,0
259_3_4_Red_Copy of P8140291.JPG,259,3,4,Red,Copy of P8140291.JPG,,Confirmed,X: 10 - 90% / Y: 10 - 90%,0,66.667,0,0,0,0,0,0,0,33.333,0,0,0,0,0
259_4_1_Red_Copy of P8140293.JPG,259,4,1,Red,Copy of P8140293.JPG,,Confirmed,X: 996 - 3980 pixels / Y: 461 - 2985 pixels,0,90,0,0,0,0,0,0,0,10,0,0,0,0,0
259_4_2_Red_Copy of P8140294.JPG,259,4,2,Red,Copy of P8140294.JPG,,Confirmed,X: 46 - 3075 pixels / Y: 956 - 2965 pixels,0,93.333,0,0,0,0,0,0,0,6.667,0,0,0,0,0
259_4_3_Red_Copy of P8140295.JPG,259,4,3,Red,Copy of P8140295.JPG,,Confirmed,X: 1 - 2950 pixels / Y: 6 - 2265 pixels,0,76.667,0,0,0,0,0,0,0,23.333,0,0,0,0,0
259_4_4_Red_Copy of P8140296.JPG,259,4,4,Red,Copy of P8140296.JPG,,Confirmed,X: 856 - 3975 pixels / Y: 36 - 2585 pixels,0,80,0,0,6.667,0,0,0,0,13.333,0,0,0,0,0
259_5_1_Red_Copy of P8140298.JPG,259,5,1,Red,Copy of P8140298.JPG,,Confirmed,X: 636 - 4000 pixels / Y: 961 - 3000 pixels,0,56.667,20,0,23.333,0,0,0,0,0,0,0,0,0,0
259_5_2_Red_Copy of P8140299.JPG,259,5,2,Red,Copy of P8140299.JPG,,Confirmed,X: 16 - 2780 pixels / Y: 686 - 2945 pixels,0,0,76.667,0,23.333,0,0,0,0,0,0,0,0,0,0
259_5_3_Red_Copy of P8140300.JPG,259,5,3,Red,Copy of P8140300.JPG,,Confirmed,X: 1 - 2690 pixels / Y: 16 - 2565 pixels,0,16.667,70,0,13.333,0,0,0,0,0,0,0,0,0,0
259_5_4_Red_Copy of P8140301.JPG,259,5,4,Red,Copy of P8140301.JPG,,Confirmed,X: 10 - 90% / Y: 10 - 90%,0,76.667,16.667,0,0,0,0,0,0,6.667,0,0,0,0,0
260_1_1_Yellow_Copy of P8120053.JPG,260,1,1,Yellow,Copy of P8120053.JPG,,Confirmed,X: 896 - 3235 pixels / Y: 300 - 2700 pixels,0,6.667,26.667,0,13.333,6.667,0,0,0,0,0,0,0,43.333,3.333
260_2_1_Yellow_Copy of P8120057.JPG,260,2,1,Yellow,Copy of P8120057.JPG,,Confirmed,X: 556 - 3140 pixels / Y: 300 - 2850 pixels,0,10,0,0,0,3.333,0,0,3.333,0,0,3.333,0,80,0
260_3_1_Yellow_Copy of P8120060.JPG,260,3,1,Yellow,Copy of P8120060.JPG,,Confirmed,X: 401 - 2740 pixels / Y: 201 - 2515 pixels,0,0,20,0,0,3.333,0,0,3.333,0,0,3.333,0,3.333,66.667
260_4_1_Yellow_Copy of P8120067.JPG,260,4,1,Yellow,Copy of P8120067.JPG,,Confirmed,X: 591 - 3030 pixels / Y: 300 - 2780 pixels,0,0,23.333,0,46.667,0,3.333,0,3.333,0,0,6.667,0,0,16.667
260_5_1_Yellow_Copy of P8120072.JPG,260,5,1,Yellow,Copy of P8120072.JPG,,Confirmed,X: 691 - 3100 pixels / Y: 306 - 2700 pixels,0,0,23.333,0,0,0,0,0,3.333,0,0,20,0,53.333,0
261_1_1_Red_Copy of P8140304.JPG,261,1,1,Red,Copy of P8140304.JPG,,Confirmed,X: 10 - 90% / Y: 10 - 90%,0,100,0,0,0,0,0,0,0,0,0,0,0,0,0
261_1_2_Red_Copy of P8140305.JPG,261,1,2,Red,Copy of P8140305.JPG,,Confirmed,X: 10 - 90% / Y: 10 - 90%,0,100,0,0,0,0,0,0,0,0,0,0,0,0,0
261_1_3_Red_Copy of P8140315.JPG,261,1,3,Red,Copy of P8140315.JPG,,Confirmed,X: 10 - 90% / Y: 10 - 90%,0,6.667,93.333,0,0,0,0,0,0,0,0,0,0,0,0
261_3_1_Red_Copy of P8140317.JPG,261,3,1,Red,Copy of P8140317.JPG,,Confirmed,X: 10 - 90% / Y: 10 - 90%,0,0,100,0,0,0,0,0,0,0,0,0,0,0,0
261_3_2_Red_Copy of P8140318.JPG,261,3,2,Red,Copy of P8140318.JPG,,Confirmed,X: 10 - 90% / Y: 10 - 90%,0,0,100,0,0,0,0,0,0,0,0,0,0,0,0
261_3_3_Red_Copy of P8140320.JPG,261,3,3,Red,Copy of P8140320.JPG,,Confirmed,X: 10 - 90% / Y: 10 - 90%,0,70,30,0,0,0,0,0,0,0,0,0,0,0,0
261_4_1_Red_Copy of P8140325.JPG,261,4,1,Red,Copy of P8140325.JPG,,Confirmed,X: 10 - 90% / Y: 10 - 90%,0,63.333,36.667,0,0,0,0,0,0,0,0,0,0,0,0
261_4_2_Red_Copy of P8140326.JPG,261,4,2,Red,Copy of P8140326.JPG,,Confirmed,X: 10 - 90% / Y: 10 - 90%,0,43.333,56.667,0,0,0,0,0,0,0,0,0,0,0,0
261_4_3_Red_Copy of P8140327.JPG,261,4,3,Red,Copy of P8140327.JPG,,Confirmed,X: 10 - 90% / Y: 10 - 90%,0,0,100,0,0,0,0,0,0,0,0,0,0,0,0
262_1_1_Yellow_Copy of P8130091.JPG,262,1,1,Yellow,Copy of P8130091.JPG,,Confirmed,X: 10 - 90% / Y: 10 - 90%,0,100,0,0,0,0,0,0,0,0,0,0,0,0,0
262_1_2_Yellow_Copy of P8130092.JPG,262,1,2,Yellow,Copy of P8130092.JPG,,Confirmed,X: 10 - 90% / Y: 10 - 90%,0,100,0,0,0,0,0,0,0,0,0,0,0,0,0
262_1_3_Yellow_Copy of P8130093.JPG,262,1,3,Yellow,Copy of P8130093.JPG,,Confirmed,X: 10 - 90% / Y: 10 - 90%,0,83.333,0,0,16.667,0,0,0,0,0,0,0,0,0,0
262_1_4_Yellow_Copy of P8130094.JPG,262,1,4,Yellow,Copy of P8130094.JPG,,Confirmed,X: 10 - 90% / Y: 10 - 90%,0,100,0,0,0,0,0,0,0,0,0,0,0,0,0
262_2_1_Yellow_Copy of P8130096.JPG,262,2,1,Yellow,Copy of P8130096.JPG,,Confirmed,X: 10 - 90% / Y: 10 - 90%,0,96.667,0,0,3.333,0,0,0,0,0,0,0,0,0,0
262_2_2_Yellow_Copy of P8130097.JPG,262,2,2,Yellow,Copy of P8130097.JPG,,Confirmed,X: 10 - 90% / Y: 10 - 90%,0,100,0,0,0,0,0,0,0,0,0,0,0,0,0
262_2_3_Yellow_Copy of P8130098.JPG,262,2,3,Yellow,Copy of P8130098.JPG,,Confirmed,X: 10 - 90% / Y: 10 - 90%,0,100,0,0,0,0,0,0,0,0,0,0,0,0,0
262_2_4_Yellow_Copy of P8130099.JPG,262,2,4,Yellow,Copy of P8130099.JPG,,Confirmed,X: 10 - 90% / Y: 10 - 90%,0,93.333,0,0,6.667,0,0,0,0,0,0,0,0,0,0
262_3_1_Yellow_Copy of P8130101.JPG,262,3,1,Yellow,Copy of P8130101.JPG,,Confirmed,X: 10 - 90% / Y: 10 - 90%,0,90,0,0,10,0,0,0,0,0,0,0,0,0,0
262_3_2_Yellow_Copy of P8130103.JPG,262,3,2,Yellow,Copy of P8130103.JPG,,Confirmed,X: 10 - 90% / Y: 10 - 90%,0,96.667,0,0,3.333,0,0,0,0,0,0,0,0,0,0
262_3_3_Yellow_Copy of P8130104.JPG,262,3,3,Yellow,Copy of P8130104.JPG,,Confirmed,X: 10 - 90% / Y: 10 - 90%,0,100,0,0,0,0,0,0,0,0,0,0,0,0,0
262_3_4_Yellow_Copy of P8130105.JPG,262,3,4,Yellow,Copy of P8130105.JPG,,Confirmed,X: 10 - 90% / Y: 10 - 90%,0,100,0,0,0,0,0,0,0,0,0,0,0,0,0
262_4_1_Yellow_Copy of P8130107.JPG,262,4,1,Yellow,Copy of P8130107.JPG,,Confirmed,X: 10 - 90% / Y: 10 - 90%,0,100,0,0,0,0,0,0,0,0,0,0,0,0,0
262_4_2_Yellow_Copy of P8130108.JPG,262,4,2,Yellow,Copy of P8130108.JPG,,Confirmed,X: 10 - 90% / Y: 10 - 90%,0,100,0,0,0,0,0,0,0,0,0,0,0,0,0
262_4_3_Yellow_Copy of P8130109.JPG,262,4,3,Yellow,Copy of P8130109.JPG,,Confirmed,X: 10 - 90% / Y: 10 - 90%,0,100,0,0,0,0,0,0,0,0,0,0,0,0,0
262_4_4_Yellow_Copy of P8130110.JPG,262,4,4,Yellow,Copy of P8130110.JPG,,Confirmed,X: 10 - 90% / Y: 10 - 90%,0,93.333,0,0,6.667,0,0,0,0,0,0,0,0,0,0
262_5_1_Yellow_Copy of P8130113.JPG,262,5,1,Yellow,Copy of P8130113.JPG,,Confirmed,X: 10 - 90% / Y: 10 - 90%,0,100,0,0,0,0,0,0,0,0,0,0,0,0,0
262_5_2_Yellow_Copy of P8130114.JPG,262,5,2,Yellow,Copy of P8130114.JPG,,Confirmed,X: 10 - 90% / Y: 10 - 90%,0,96.667,0,0,3.333,0,0,0,0,0,0,0,0,0,0
262_5_3_Yellow_Copy of P8130115.JPG,262,5,3,Yellow,Copy of P8130115.JPG,,Confirmed,X: 10 - 90% / Y: 10 - 90%,0,63.333,0,0,36.667,0,0,0,0,0,0,0,0,0,0
262_5_4_Yellow_Copy of P8130116.JPG,262,5,4,Yellow,Copy of P8130116.JPG,,Confirmed,X: 10 - 90% / Y: 10 - 90%,0,100,0,0,0,0,0,0,0,0,0,0,0,0,0
265_1_1_Red_Copy of P8150439.JPG,265,1,1,Red,Copy of P8150439.JPG,,Confirmed,X: 10 - 90% / Y: 10 - 90%,0,0,50,0,50,0,0,0,0,0,0,0,0,0,0
265_1_2_Red_Copy of P8150449.JPG,265,1,2,Red,Copy of P8150449.JPG,,Confirmed,X: 10 - 90% / Y: 10 - 90%,0,0,50,0,50,0,0,0,0,0,0,0,0,0,0
265_1_3_Red_Copy of P8150454.JPG,265,1,3,Red,Copy of P8150454.JPG,,Confirmed,X: 981 - 3985 pixels / Y: 6 - 3000 pixels,0,0,46.667,0,53.333,0,0,0,0,0,0,0,0,0,0
267_1_1_Green_Copy of P8120004.JPG,267,1,1,Green,Copy of P8120004.JPG,,Confirmed,X: 1591 - 2725 pixels / Y: 1081 - 2225 pixels,0,43.333,0,0,56.667,0,0,0,0,0,0,0,0,0,0
268_1_1_Red_Copy of P8120031.JPG,268,1,1,Red,Copy of P8120031.JPG,,Confirmed,X: 1316 - 3510 pixels / Y: 300 - 2485 pixels,0,30,0,0,16.667,0,0,0,0,53.333,0,0,0,0,0
268_2_1_Red_Copy of P8120032.JPG,268,2,1,Red,Copy of P8120032.JPG,,Confirmed,X: 661 - 2925 pixels / Y: 71 - 2210 pixels,0,10,0,0,10,0,0,0,0,20,0,0,0,0,60
268_3_1_Red_Copy of P8120033.JPG,268,3,1,Red,Copy of P8120033.JPG,,Confirmed,X: 1 - 2295 pixels / Y: 566 - 2640 pixels,0,13.333,0,0,13.333,0,0,0,0,0,0,3.333,0,0,70
268_4_1_Red_Copy of P8120034.JPG,268,4,1,Red,Copy of P8120034.JPG,,Confirmed,X: 931 - 2875 pixels / Y: 526 - 2425 pixels,0,33.333,20,0,0,0,0,0,0,6.667,0,0,0,0,40
268_5_1_Red_Copy of P8120035.JPG,268,5,1,Red,Copy of P8120035.JPG,,Confirmed,X: 1166 - 3425 pixels / Y: 300 - 2420 pixels,0,23.333,0,0,0,0,0,0,0,0,0,0,0,16.667,60
272_1_1_Green_Copy of P8120035.JPG,272,1,1,Green,Copy of P8120035.JPG,,Confirmed,X: 10 - 90% / Y: 10 - 90%,0,0,0,100,0,0,0,0,0,0,0,0,0,0,0
272_2_1_Green_Copy of P8120036.JPG,272,2,1,Green,Copy of P8120036.JPG,,Confirmed,X: 10 - 90% / Y: 10 - 90%,0,0,0,100,0,0,0,0,0,0,0,0,0,0,0
272_3_1_Green_Copy of P8120037.JPG,272,3,1,Green,Copy of P8120037.JPG,,Confirmed,X: 10 - 90% / Y: 10 - 90%,0,0,0,100,0,0,0,0,0,0,0,0,0,0,0
272_4_1_Green_Copy of P8120038.JPG,272,4,1,Green,Copy of P8120038.JPG,,Confirmed,X: 10 - 90% / Y: 10 - 90%,0,0,0,100,0,0,0,0,0,0,0,0,0,0,0
272_5_1_Green_Copy of P8120039.JPG,272,5,1,Green,Copy of P8120039.JPG,,Confirmed,X: 10 - 90% / Y: 10 - 90%,0,0,0,100,0,0,0,0,0,0,0,0,0,0,0
273_1_1_Red_Copy of P8130070.JPG,273,1,1,Red,Copy of P8130070.JPG,,Confirmed,X: 1046 - 3035 pixels / Y: 491 - 2575 pixels,0,0,0,0,90,0,0,0,0,6.667,0,3.333,0,0,0
273_2_1_Red_Copy of P8130071.JPG,273,2,1,Red,Copy of P8130071.JPG,,Confirmed,X: 896 - 2855 pixels / Y: 606 - 2385 pixels,0,13.333,0,0,36.667,0,50,0,0,0,0,0,0,0,0
273_4_1_Red_Copy of P8130074.JPG,273,4,1,Red,Copy of P8130074.JPG,,Confirmed,X: 861 - 2950 pixels / Y: 316 - 2545 pixels,0,0,0,0,60,0,0,0,6.667,30,0,0,0,0,3.333
273_5_1_Red_Copy of P8130075.JPG,273,5,1,Red,Copy of P8130075.JPG,,Confirmed,X: 626 - 2720 pixels / Y: 581 - 2520 pixels,0,0,0,0,33.333,0,0,0,0,56.667,0,10,0,0,0
274_1_1_Green_Copy of P8120027.JPG,274,1,1,Green,Copy of P8120027.JPG,,Confirmed,X: 1001 - 2990 pixels / Y: 300 - 2700 pixels,0,0,0,0,36.667,63.333,0,0,0,0,0,0,0,0,0
274_2_1_Green_Copy of P8120029.JPG,274,2,1,Green,Copy of P8120029.JPG,,Confirmed,X: 881 - 3155 pixels / Y: 181 - 2425 pixels,0,0,0,0,6.667,3.333,0,23.333,0,0,0,0,0,0,66.667
274_3_1_Green_Copy of P8120031.JPG,274,3,1,Green,Copy of P8120031.JPG,,Confirmed,X: 906 - 3195 pixels / Y: 216 - 2590 pixels,0,0,0,0,0,0,0,0,0,0,0,0,0,0,100
274_4_1_Green_Copy of P8120032.JPG,274,4,1,Green,Copy of P8120032.JPG,,Confirmed,X: 986 - 3220 pixels / Y: 146 - 2405 pixels,0,0,0,0,0,0,0,0,0,0,0,0,0,0,100
274_5_1_Green_Copy of P8120033.JPG,274,5,1,Green,Copy of P8120033.JPG,,Confirmed,X: 711 - 2995 pixels / Y: 166 - 2480 pixels,0,26.667,0,0,0,0,0,36.667,0,0,0,0,0,0,36.667
275_1_1_Red_Copy of P8120003.JPG,275,1,1,Red,Copy of P8120003.JPG,,Confirmed,X: 10 - 90% / Y: 10 - 90%,0,86.667,0,0,13.333,0,0,0,0,0,0,0,0,0,0
275_2_1_Red_Copy of P8120005.JPG,275,2,1,Red,Copy of P8120005.JPG,,Confirmed,X: 10 - 90% / Y: 10 - 90%,0,96.667,0,0,3.333,0,0,0,0,0,0,0,0,0,0
275_2_2_Red_Copy of P8120007.JPG,275,2,2,Red,Copy of P8120007.JPG,,Confirmed,X: 10 - 90% / Y: 10 - 90%,0,96.667,0,0,3.333,0,0,0,0,0,0,0,0,0,0
275_3_1_Copy of P8120009.JPG,275,3,1,Copy of P8120009.JPG,,,Confirmed,X: 10 - 90% / Y: 10 - 90%,0,33.333,0,0,63.333,0,0,0,0,0,0,3.333,0,0,0
275_4_1_Copy of P8120011.JPG,275,4,1,Copy of P8120011.JPG,,,Confirmed,X: 10 - 90% / Y: 10 - 90%,0,26.667,0,0,0,6.667,0,6.667,0,0,0,20,0,0,40
275_5_1_Copy of P8120014.JPG,275,5,1,Copy of P8120014.JPG,,,Confirmed,X: 10 - 90% / Y: 10 - 90%,0,60,0,0,40,0,0,0,0,0,0,0,0,0,0
276_1_1_Red_Copy of P8120025.JPG,276,1,1,Red,Copy of P8120025.JPG,,Confirmed,X: 1236 - 3600 pixels / Y: 471 - 2775 pixels,0,0,0,0,0,0,80,0,0,3.333,0,0,0,16.667,0
276_2_1_Red_Copy of P8120026.JPG,276,2,1,Red,Copy of P8120026.JPG,,Confirmed,X: 931 - 2730 pixels / Y: 731 - 2700 pixels,0,0,0,0,0,0,0,0,0,70,0,0,0,16.667,13.333
276_3_1_Red_Copy of P8120027.JPG,276,3,1,Red,Copy of P8120027.JPG,,Confirmed,X: 846 - 2585 pixels / Y: 1126 - 2780 pixels,0,0,0,0,0,0,0,0,0,0,0,0,0,0,100
276_3_2_Red_Copy of P8120029.JPG,276,3,2,Red,Copy of P8120029.JPG,,Confirmed,X: 1216 - 3315 pixels / Y: 300 - 2270 pixels,0,0,0,0,0,0,0,0,0,0,0,0,0,0,100
276_4_1_Red_Copy of P8120028.JPG,276,4,1,Red,Copy of P8120028.JPG,,Confirmed,X: 806 - 3220 pixels / Y: 300 - 2785 pixels,0,0,0,0,0,3.333,26.667,0,0,0,0,0,0,26.667,43.333
277_1_1_Yellow_Copy of P8140441.JPG,277,1,1,Yellow,Copy of P8140441.JPG,,Confirmed,X: 6 - 3985 pixels / Y: 746 - 2955 pixels,0,6.667,0,0,90,0,0,0,0,0,0,3.333,0,0,0
277_1_2_Yellow_Copy of P8140445.JPG,277,1,2,Yellow,Copy of P8140445.JPG,,Confirmed,X: 10 - 90% / Y: 10 - 90%,0,3.333,0,0,96.667,0,0,0,0,0,0,0,0,0,0
277_1_3_Yellow_Copy of P8140450.JPG,277,1,3,Yellow,Copy of P8140450.JPG,,Confirmed,X: 10 - 90% / Y: 10 - 90%,0,33.333,0,0,66.667,0,0,0,0,0,0,0,0,0,0
277_1_4_Yellow_Copy of P8140451.JPG,277,1,4,Yellow,Copy of P8140451.JPG,,Confirmed,X: 46 - 4000 pixels / Y: 1 - 2435 pixels,0,33.333,0,0,66.667,0,0,0,0,0,0,0,0,0,0
277_2_1_Yellow_Copy of P8140380.JPG,277,2,1,Yellow,Copy of P8140380.JPG,,Confirmed,X: 10 - 90% / Y: 10 - 90%,0,23.333,0,0,76.667,0,0,0,0,0,0,0,0,0,0
277_2_2_Yellow_Copy of P8140382.JPG,277,2,2,Yellow,Copy of P8140382.JPG,,Confirmed,X: 36 - 3390 pixels / Y: 1 - 2430 pixels,0,36.667,0,0,63.333,0,0,0,0,0,0,0,0,0,0
277_2_3_Yellow_Copy of P8140384.JPG,277,2,3,Yellow,Copy of P8140384.JPG,,Confirmed,X: 771 - 4000 pixels / Y: 36 - 2450 pixels,0,40,0,0,60,0,0,0,0,0,0,0,0,0,0
277_2_4_Yellow_Copy of P8140406.JPG,277,2,4,Yellow,Copy of P8140406.JPG,,Confirmed,X: 10 - 90% / Y: 10 - 90%,0,36.667,3.333,0,60,0,0,0,0,0,0,0,0,0,0
277_4_1_Yellow_Copy of P8140409.JPG,277,4,1,Yellow,Copy of P8140409.JPG,,Confirmed,X: 1 - 4000 pixels / Y: 1076 - 3000 pixels,0,23.333,3.333,0,73.333,0,0,0,0,0,0,0,0,0,0
277_4_2_Yellow_Copy of P8140411.JPG,277,4,2,Yellow,Copy of P8140411.JPG,,Confirmed,X: 10 - 90% / Y: 10 - 90%,0,3.333,0,0,96.667,0,0,0,0,0,0,0,0,0,0
277_4_3_Yellow_Copy of P8140413.JPG,277,4,3,Yellow,Copy of P8140413.JPG,,Confirmed,X: 10 - 90% / Y: 10 - 90%,0,53.333,0,0,43.333,3.333,0,0,0,0,0,0,0,0,0
277_5_1_Yellow_Copy of P8140427.JPG,277,5,1,Yellow,Copy of P8140427.JPG,,Confirmed,X: 10 - 90% / Y: 10 - 90%,3.333,3.333,0,0,83.333,6.667,0,0,0,3.333,0,0,0,0,0
277_5_2_Yellow_Copy of P8140429.JPG,277,5,2,Yellow,Copy of P8140429.JPG,,Confirmed,X: 1 - 4000 pixels / Y: 916 - 2960 pixels,0,13.333,0,0,86.667,0,0,0,0,0,0,0,0,0,0
277_5_3_Yellow_Copy of P8140430.JPG,277,5,3,Yellow,Copy of P8140430.JPG,,Confirmed,X: 10 - 90% / Y: 10 - 90%,0,10,0,0,76.667,0,0,0,3.333,0,0,10,0,0,0
277_5_4_Yellow_Copy of P8140436.JPG,277,5,4,Yellow,Copy of P8140436.JPG,,Confirmed,X: 10 - 90% / Y: 10 - 90%,0,36.667,0,0,56.667,0,0,0,0,0,0,0,0,0,6.667
278_1_1_Yellow_Copy of P8140299.JPG,278,1,1,Yellow,Copy of P8140299.JPG,,Confirmed,X: 706 - 3285 pixels / Y: 300 - 2805 pixels,0,0,46.667,0,0,0,3.333,0,0,50,0,0,0,0,0
278_2_1_Yellow_Copy of P8140251.JPG,278,2,1,Yellow,Copy of P8140251.JPG,,Confirmed,X: 400 - 3250 pixels / Y: 26 - 2875 pixels,0,0,0,0,0,0,6.667,0,0,3.333,0,0,0,0,90
278_3_1_Yellow_Copy of P8140264.JPG,278,3,1,Yellow,Copy of P8140264.JPG,,Confirmed,X: 10 - 90% / Y: 10 - 90%,0,0,56.667,0,0,0,0,0,0,0,0,0,0,0,43.333
278_4_1_Yellow_Copy of P8140279.JPG,278,4,1,Yellow,Copy of P8140279.JPG,,Confirmed,X: 711 - 3445 pixels / Y: 81 - 2830 pixels,0,0,36.667,0,16.667,0,0,0,0,46.667,0,0,0,0,0
278_5_1_Yellow_Copy of P8140291.JPG,278,5,1,Yellow,Copy of P8140291.JPG,,Confirmed,X: 966 - 3515 pixels / Y: 116 - 2780 pixels,0,0,40,0,6.667,0,0,0,0,53.333,0,0,0,0,0